hourly_prod_id,date,session,shift_supervision_id,operator_id,team_lead_id,workshop_id,line_id,hour_index,theoretical_production,actual_production,reliability_target,non_production_minutes,explained_minutes,unexplained_minutes,reliability_rate,reliability_gap,explained_ratio,unexplained_ratio
HP_85efc58d,2026-01-03,SD,SS_7a9f1177,OP_001,TL_001,OVALE,L_OV_MS,0,1200,1200,0.6,0,0,0,1.0,0.4,0.0,0.0
HP_015b5e03,2026-01-03,SD,SS_7a9f1177,OP_001,TL_001,OVALE,L_OV_MS,1,1200,736,0.6,23,13,10,0.6133333333333333,0.013333333333333308,0.5652173913043478,0.43478260869565216
HP_66930cd4,2026-01-03,SD,SS_7a9f1177,OP_001,TL_001,OVALE,L_OV_MS,2,1200,767,0.6,21,13,8,0.6391666666666667,0.03916666666666668,0.6190476190476191,0.38095238095238093
HP_a8aacbc7,2026-01-03,SD,SS_7a9f1177,OP_001,TL_001,OVALE,L_OV_MS,3,1200,663,0.6,26,17,9,0.5525,-0.04749999999999999,0.6538461538461539,0.34615384615384615
HP_2b61e9e4,2026-01-04,SD,SS_9c959728,OP_002,TL_002,CAMEMBERT,L_CAM_B,0,1080,1080,0.57,0,0,0,1.0,0.43000000000000005,0.0,0.0
HP_c58c00e9,2026-01-04,SD,SS_9c959728,OP_002,TL_002,CAMEMBERT,L_CAM_B,1,1080,625,0.57,25,21,4,0.5787037037037037,0.008703703703703769,0.84,0.16
HP_d6bb6239,2026-01-04,SD,SS_9c959728,OP_002,TL_002,CAMEMBERT,L_CAM_B,2,1080,648,0.57,24,19,5,0.6,0.030000000000000027,0.7916666666666666,0.20833333333333334
HP_cb38bf74,2026-01-04,SD,SS_9c959728,OP_002,TL_002,CAMEMBERT,L_CAM_B,3,1080,597,0.57,26,16,10,0.5527777777777778,-0.01722222222222214,0.6153846153846154,0.38461538461538464
HP_26fd38b2,2026-01-05,MATIN,SS_f0eb61d6,OP_003,TL_003,PORTION,L_PORTION_1,0,900,900,0.66,0,0,0,1.0,0.33999999999999997,0.0,0.0
HP_ceca0d73,2026-01-05,MATIN,SS_f0eb61d6,OP_003,TL_003,PORTION,L_PORTION_1,1,900,572,0.66,21,12,9,0.6355555555555555,-0.02444444444444449,0.5714285714285714,0.42857142857142855
HP_c05210f4,2026-01-05,MATIN,SS_f0eb61d6,OP_003,TL_003,PORTION,L_PORTION_1,2,900,590,0.66,20,12,8,0.6555555555555556,-0.004444444444444473,0.6,0.4
HP_fc86dd50,2026-01-05,MATIN,SS_f0eb61d6,OP_003,TL_003,PORTION,L_PORTION_1,3,900,632,0.66,17,10,7,0.7022222222222222,0.04222222222222216,0.5882352941176471,0.4117647058823529
HP_d19ab220,2026-01-05,MATIN,SS_f0eb61d6,OP_003,TL_003,PORTION,L_PORTION_1,4,900,575,0.66,21,16,5,0.6388888888888888,-0.02111111111111119,0.7619047619047619,0.23809523809523808
HP_0404ea31,2026-01-05,MATIN,SS_f0eb61d6,OP_003,TL_003,PORTION,L_PORTION_1,5,900,628,0.66,18,12,6,0.6977777777777778,0.0377777777777778,0.6666666666666666,0.3333333333333333
HP_33f7f268,2026-01-05,MATIN,SS_f0eb61d6,OP_003,TL_003,PORTION,L_PORTION_1,6,900,566,0.66,22,13,9,0.6288888888888889,-0.03111111111111109,0.5909090909090909,0.4090909090909091
HP_672cc384,2026-01-05,MATIN,SS_f0eb61d6,OP_003,TL_003,PORTION,L_PORTION_1,7,900,608,0.66,19,15,4,0.6755555555555556,0.015555555555555545,0.7894736842105263,0.21052631578947367
HP_09c76ba0,2026-01-05,SOIR,SS_19f1e2c8,OP_004,TL_001,OVALE,L_OV_Y,0,1560,1560,0.63,0,0,0,1.0,0.37,0.0,0.0
HP_761d4ee7,2026-01-05,SOIR,SS_19f1e2c8,OP_004,TL_001,OVALE,L_OV_Y,1,1560,1058,0.63,19,16,3,0.6782051282051282,0.048205128205128234,0.8421052631578947,0.15789473684210525
HP_a7b41792,2026-01-05,SOIR,SS_19f1e2c8,OP_004,TL_001,OVALE,L_OV_Y,2,1560,1039,0.63,20,14,6,0.666025641025641,0.036025641025640986,0.7,0.3
HP_9955aa34,2026-01-05,SOIR,SS_19f1e2c8,OP_004,TL_001,OVALE,L_OV_Y,3,1560,975,0.63,22,18,4,0.625,-0.0050000000000000044,0.8181818181818182,0.18181818181818182
HP_c08e7a90,2026-01-05,SOIR,SS_19f1e2c8,OP_004,TL_001,OVALE,L_OV_Y,4,1560,930,0.63,24,16,8,0.5961538461538461,-0.03384615384615386,0.6666666666666666,0.3333333333333333
HP_61f4407b,2026-01-05,SOIR,SS_19f1e2c8,OP_004,TL_001,OVALE,L_OV_Y,5,1560,1009,0.63,21,17,4,0.6467948717948718,0.016794871794871824,0.8095238095238095,0.19047619047619047
HP_374391a5,2026-01-05,SOIR,SS_19f1e2c8,OP_004,TL_001,OVALE,L_OV_Y,6,1560,1011,0.63,21,13,8,0.6480769230769231,0.0180769230769231,0.6190476190476191,0.38095238095238093
HP_41b2a901,2026-01-05,SOIR,SS_19f1e2c8,OP_004,TL_001,OVALE,L_OV_Y,7,1560,1003,0.63,21,15,6,0.642948717948718,0.012948717948717992,0.7142857142857143,0.2857142857142857
HP_726ec984,2026-01-05,NUIT,SS_20526982,OP_005,TL_002,CAMEMBERT,L_CAM_B,0,1080,1080,0.57,0,0,0,1.0,0.43000000000000005,0.0,0.0
HP_509f1b4c,2026-01-05,NUIT,SS_20526982,OP_005,TL_002,CAMEMBERT,L_CAM_B,1,1080,588,0.57,27,19,8,0.5444444444444444,-0.025555555555555554,0.7037037037037037,0.2962962962962963
HP_39e9ab43,2026-01-05,NUIT,SS_20526982,OP_005,TL_002,CAMEMBERT,L_CAM_B,2,1080,590,0.57,27,23,4,0.5462962962962963,-0.02370370370370367,0.8518518518518519,0.14814814814814814
HP_b6eceb92,2026-01-05,NUIT,SS_20526982,OP_005,TL_002,CAMEMBERT,L_CAM_B,3,1080,635,0.57,24,15,9,0.5879629629629629,0.01796296296296296,0.625,0.375
HP_05594390,2026-01-05,NUIT,SS_20526982,OP_005,TL_002,CAMEMBERT,L_CAM_B,4,1080,596,0.57,26,21,5,0.5518518518518518,-0.018148148148148135,0.8076923076923077,0.19230769230769232
HP_ea81e837,2026-01-05,NUIT,SS_20526982,OP_005,TL_002,CAMEMBERT,L_CAM_B,5,1080,567,0.57,28,23,5,0.525,-0.04499999999999993,0.8214285714285714,0.17857142857142858
HP_e9a0ce6e,2026-01-05,NUIT,SS_20526982,OP_005,TL_002,CAMEMBERT,L_CAM_B,6,1080,648,0.57,24,17,7,0.6,0.030000000000000027,0.7083333333333334,0.2916666666666667
HP_52ee6998,2026-01-05,NUIT,SS_20526982,OP_005,TL_002,CAMEMBERT,L_CAM_B,7,1080,568,0.57,28,24,4,0.5259259259259259,-0.04407407407407404,0.8571428571428571,0.14285714285714285
HP_f83c9c33,2026-01-06,MATIN,SS_d49abf02,OP_006,TL_003,PORTION,L_PORTION_2,0,960,960,0.68,0,0,0,1.0,0.31999999999999995,0.0,0.0
HP_c38b483e,2026-01-06,MATIN,SS_d49abf02,OP_006,TL_003,PORTION,L_PORTION_2,1,960,659,0.68,18,14,4,0.6864583333333333,0.006458333333333233,0.7777777777777778,0.2222222222222222
HP_026e49b5,2026-01-06,MATIN,SS_d49abf02,OP_006,TL_003,PORTION,L_PORTION_2,2,960,625,0.68,20,14,6,0.6510416666666666,-0.02895833333333342,0.7,0.3
HP_d09cca12,2026-01-06,MATIN,SS_d49abf02,OP_006,TL_003,PORTION,L_PORTION_2,3,960,689,0.68,16,12,4,0.7177083333333333,0.03770833333333323,0.75,0.25
HP_4cb2f5eb,2026-01-06,MATIN,SS_d49abf02,OP_006,TL_003,PORTION,L_PORTION_2,4,960,618,0.68,21,13,8,0.64375,-0.036250000000000004,0.6190476190476191,0.38095238095238093
HP_7d33773f,2026-01-06,MATIN,SS_d49abf02,OP_006,TL_003,PORTION,L_PORTION_2,5,960,676,0.68,17,12,5,0.7041666666666667,0.02416666666666667,0.7058823529411765,0.29411764705882354
HP_9b0592f9,2026-01-06,MATIN,SS_d49abf02,OP_006,TL_003,PORTION,L_PORTION_2,6,960,676,0.68,17,12,5,0.7041666666666667,0.02416666666666667,0.7058823529411765,0.29411764705882354
HP_fb2ce1e6,2026-01-06,MATIN,SS_d49abf02,OP_006,TL_003,PORTION,L_PORTION_2,7,960,660,0.68,18,12,6,0.6875,0.007499999999999951,0.6666666666666666,0.3333333333333333
HP_331fcab6,2026-01-06,SOIR,SS_dc961e9b,OP_007,TL_001,OVALE,L_OV_ES,0,1500,1500,0.65,0,0,0,1.0,0.35,0.0,0.0
HP_bdeb5035,2026-01-06,SOIR,SS_dc961e9b,OP_007,TL_001,OVALE,L_OV_ES,1,1500,1049,0.65,18,11,7,0.6993333333333334,0.04933333333333334,0.6111111111111112,0.3888888888888889
HP_b9ca937f,2026-01-06,SOIR,SS_dc961e9b,OP_007,TL_001,OVALE,L_OV_ES,2,1500,974,0.65,21,17,4,0.6493333333333333,-0.0006666666666667043,0.8095238095238095,0.19047619047619047
HP_8685b652,2026-01-06,SOIR,SS_dc961e9b,OP_007,TL_001,OVALE,L_OV_ES,3,1500,1029,0.65,18,11,7,0.686,0.03600000000000003,0.6111111111111112,0.3888888888888889
HP_fe25652a,2026-01-06,SOIR,SS_dc961e9b,OP_007,TL_001,OVALE,L_OV_ES,4,1500,923,0.65,23,18,5,0.6153333333333333,-0.034666666666666734,0.782608695652174,0.21739130434782608
HP_326fc42c,2026-01-06,SOIR,SS_dc961e9b,OP_007,TL_001,OVALE,L_OV_ES,5,1500,989,0.65,20,14,6,0.6593333333333333,0.009333333333333305,0.7,0.3
HP_81b35971,2026-01-06,SOIR,SS_dc961e9b,OP_007,TL_001,OVALE,L_OV_ES,6,1500,989,0.65,20,14,6,0.6593333333333333,0.009333333333333305,0.7,0.3
HP_553c7fcc,2026-01-06,SOIR,SS_dc961e9b,OP_007,TL_001,OVALE,L_OV_ES,7,1500,937,0.65,22,16,6,0.6246666666666667,-0.02533333333333332,0.7272727272727273,0.2727272727272727
HP_79ac7a0a,2026-01-06,NUIT,SS_ade696bf,OP_008,TL_002,CAMEMBERT,L_CAM_B,0,1080,1080,0.57,0,0,0,1.0,0.43000000000000005,0.0,0.0
HP_bc8f8cac,2026-01-06,NUIT,SS_ade696bf,OP_008,TL_002,CAMEMBERT,L_CAM_B,1,1080,663,0.57,23,18,5,0.6138888888888889,0.04388888888888898,0.782608695652174,0.21739130434782608
HP_5f245bc8,2026-01-06,NUIT,SS_ade696bf,OP_008,TL_002,CAMEMBERT,L_CAM_B,2,1080,573,0.57,28,24,4,0.5305555555555556,-0.03944444444444439,0.8571428571428571,0.14285714285714285
HP_2a8565ba,2026-01-06,NUIT,SS_ade696bf,OP_008,TL_002,CAMEMBERT,L_CAM_B,3,1080,642,0.57,24,19,5,0.5944444444444444,0.02444444444444449,0.7916666666666666,0.20833333333333334
HP_f7ef0c5a,2026-01-06,NUIT,SS_ade696bf,OP_008,TL_002,CAMEMBERT,L_CAM_B,4,1080,598,0.57,26,17,9,0.5537037037037037,-0.016296296296296253,0.6538461538461539,0.34615384615384615
HP_8f12f14f,2026-01-06,NUIT,SS_ade696bf,OP_008,TL_002,CAMEMBERT,L_CAM_B,5,1080,578,0.57,27,16,11,0.5351851851851852,-0.03481481481481474,0.5925925925925926,0.4074074074074074
HP_a73c39bf,2026-01-06,NUIT,SS_ade696bf,OP_008,TL_002,CAMEMBERT,L_CAM_B,6,1080,639,0.57,24,19,5,0.5916666666666667,0.021666666666666723,0.7916666666666666,0.20833333333333334
HP_7d7d95c9,2026-01-06,NUIT,SS_ade696bf,OP_008,TL_002,CAMEMBERT,L_CAM_B,7,1080,666,0.57,23,19,4,0.6166666666666667,0.046666666666666745,0.8260869565217391,0.17391304347826086
HP_32b82441,2026-01-07,MATIN,SS_fa2b555e,OP_009,TL_003,PORTION,L_PORTION_1,0,900,900,0.66,0,0,0,1.0,0.33999999999999997,0.0,0.0
HP_73ad6ba3,2026-01-07,MATIN,SS_fa2b555e,OP_009,TL_003,PORTION,L_PORTION_1,1,900,594,0.66,20,12,8,0.66,0.0,0.6,0.4
HP_48bcf2ac,2026-01-07,MATIN,SS_fa2b555e,OP_009,TL_003,PORTION,L_PORTION_1,2,900,605,0.66,19,16,3,0.6722222222222223,0.012222222222222245,0.8421052631578947,0.15789473684210525
HP_00782a2f,2026-01-07,MATIN,SS_fa2b555e,OP_009,TL_003,PORTION,L_PORTION_1,3,900,594,0.66,20,13,7,0.66,0.0,0.65,0.35
HP_a3fa1777,2026-01-07,MATIN,SS_fa2b555e,OP_009,TL_003,PORTION,L_PORTION_1,4,900,582,0.66,21,13,8,0.6466666666666666,-0.01333333333333342,0.6190476190476191,0.38095238095238093
HP_366c9fb6,2026-01-07,MATIN,SS_fa2b555e,OP_009,TL_003,PORTION,L_PORTION_1,5,900,634,0.66,17,14,3,0.7044444444444444,0.0444444444444444,0.8235294117647058,0.17647058823529413
HP_7cd77a34,2026-01-07,MATIN,SS_fa2b555e,OP_009,TL_003,PORTION,L_PORTION_1,6,900,631,0.66,17,13,4,0.7011111111111111,0.0411111111111111,0.7647058823529411,0.23529411764705882
HP_6d0237e2,2026-01-07,MATIN,SS_fa2b555e,OP_009,TL_003,PORTION,L_PORTION_1,7,900,592,0.66,20,12,8,0.6577777777777778,-0.0022222222222222365,0.6,0.4
HP_cd00477c,2026-01-07,SOIR,SS_0b1b9f48,OP_010,TL_001,OVALE,L_OV_Z,0,1380,1380,0.58,0,0,0,1.0,0.42000000000000004,0.0,0.0
HP_c9fde381,2026-01-07,SOIR,SS_0b1b9f48,OP_010,TL_001,OVALE,L_OV_Z,1,1380,781,0.58,26,23,3,0.5659420289855073,-0.014057971014492687,0.8846153846153846,0.11538461538461539
HP_3859c301,2026-01-07,SOIR,SS_0b1b9f48,OP_010,TL_001,OVALE,L_OV_Z,2,1380,842,0.58,23,15,8,0.6101449275362318,0.03014492753623188,0.6521739130434783,0.34782608695652173
HP_2278df2e,2026-01-07,SOIR,SS_0b1b9f48,OP_010,TL_001,OVALE,L_OV_Z,3,1380,764,0.58,26,20,6,0.553623188405797,-0.02637681159420291,0.7692307692307693,0.23076923076923078
HP_f0a1d8b2,2026-01-07,SOIR,SS_0b1b9f48,OP_010,TL_001,OVALE,L_OV_Z,4,1380,742,0.58,27,22,5,0.5376811594202898,-0.04231884057971014,0.8148148148148148,0.18518518518518517
HP_68c72a35,2026-01-07,SOIR,SS_0b1b9f48,OP_010,TL_001,OVALE,L_OV_Z,5,1380,844,0.58,23,20,3,0.6115942028985507,0.03159420289855075,0.8695652173913043,0.13043478260869565
HP_cf67a822,2026-01-07,SOIR,SS_0b1b9f48,OP_010,TL_001,OVALE,L_OV_Z,6,1380,804,0.58,25,15,10,0.5826086956521739,0.00260869565217392,0.6,0.4
HP_339344b1,2026-01-07,SOIR,SS_0b1b9f48,OP_010,TL_001,OVALE,L_OV_Z,7,1380,822,0.58,24,21,3,0.5956521739130435,0.01565217391304352,0.875,0.125
HP_d0499471,2026-01-07,NUIT,SS_64d75aab,OP_001,TL_002,CAMEMBERT,L_CAM_B,0,1080,1080,0.57,0,0,0,1.0,0.43000000000000005,0.0,0.0
HP_d90a04c5,2026-01-07,NUIT,SS_64d75aab,OP_001,TL_002,CAMEMBERT,L_CAM_B,1,1080,579,0.57,27,20,7,0.5361111111111111,-0.03388888888888886,0.7407407407407407,0.25925925925925924
HP_21d70b70,2026-01-07,NUIT,SS_64d75aab,OP_001,TL_002,CAMEMBERT,L_CAM_B,2,1080,627,0.57,25,22,3,0.5805555555555556,0.010555555555555651,0.88,0.12
HP_e0b04841,2026-01-07,NUIT,SS_64d75aab,OP_001,TL_002,CAMEMBERT,L_CAM_B,3,1080,661,0.57,23,19,4,0.612037037037037,0.042037037037037095,0.8260869565217391,0.17391304347826086
HP_4cd5bcee,2026-01-07,NUIT,SS_64d75aab,OP_001,TL_002,CAMEMBERT,L_CAM_B,4,1080,636,0.57,24,19,5,0.5888888888888889,0.018888888888888955,0.7916666666666666,0.20833333333333334
HP_1dce43b0,2026-01-07,NUIT,SS_64d75aab,OP_001,TL_002,CAMEMBERT,L_CAM_B,5,1080,604,0.57,26,20,6,0.5592592592592592,-0.010740740740740717,0.7692307692307693,0.23076923076923078
HP_e740c6fe,2026-01-07,NUIT,SS_64d75aab,OP_001,TL_002,CAMEMBERT,L_CAM_B,6,1080,601,0.57,26,22,4,0.5564814814814815,-0.013518518518518485,0.8461538461538461,0.15384615384615385
HP_db98aa4b,2026-01-07,NUIT,SS_64d75aab,OP_001,TL_002,CAMEMBERT,L_CAM_B,7,1080,610,0.57,26,17,9,0.5648148148148148,-0.005185185185185182,0.6538461538461539,0.34615384615384615
HP_eb39a081,2026-01-08,MATIN,SS_0c7824b5,OP_002,TL_003,PORTION,L_PORTION_2,0,960,960,0.68,0,0,0,1.0,0.31999999999999995,0.0,0.0
HP_056f05ba,2026-01-08,MATIN,SS_0c7824b5,OP_002,TL_003,PORTION,L_PORTION_2,1,960,610,0.68,21,12,9,0.6354166666666666,-0.04458333333333342,0.5714285714285714,0.42857142857142855
HP_e10b06f9,2026-01-08,MATIN,SS_0c7824b5,OP_002,TL_003,PORTION,L_PORTION_2,2,960,657,0.68,18,13,5,0.684375,0.004374999999999907,0.7222222222222222,0.2777777777777778
HP_97e82c53,2026-01-08,MATIN,SS_0c7824b5,OP_002,TL_003,PORTION,L_PORTION_2,3,960,605,0.68,22,17,5,0.6302083333333334,-0.04979166666666668,0.7727272727272727,0.22727272727272727
HP_4d6bc808,2026-01-08,MATIN,SS_0c7824b5,OP_002,TL_003,PORTION,L_PORTION_2,4,960,610,0.68,21,13,8,0.6354166666666666,-0.04458333333333342,0.6190476190476191,0.38095238095238093
HP_d900e9d1,2026-01-08,MATIN,SS_0c7824b5,OP_002,TL_003,PORTION,L_PORTION_2,5,960,607,0.68,22,15,7,0.6322916666666667,-0.04770833333333335,0.6818181818181818,0.3181818181818182
HP_fd6b16c9,2026-01-08,MATIN,SS_0c7824b5,OP_002,TL_003,PORTION,L_PORTION_2,6,960,654,0.68,19,12,7,0.68125,0.0012499999999999734,0.631578947368421,0.3684210526315789
HP_33c4069e,2026-01-08,MATIN,SS_0c7824b5,OP_002,TL_003,PORTION,L_PORTION_2,7,960,651,0.68,19,14,5,0.678125,-0.001875000000000071,0.7368421052631579,0.2631578947368421
HP_a908b577,2026-01-08,SOIR,SS_36dfb490,OP_003,TL_001,OVALE,L_OV_X,0,1800,1800,0.7,0,0,0,1.0,0.30000000000000004,0.0,0.0
HP_5c878583,2026-01-08,SOIR,SS_36dfb490,OP_003,TL_001,OVALE,L_OV_X,1,1800,1300,0.7,16,13,3,0.7222222222222222,0.022222222222222254,0.8125,0.1875
HP_3d136f74,2026-01-08,SOIR,SS_36dfb490,OP_003,TL_001,OVALE,L_OV_X,2,1800,1273,0.7,17,11,6,0.7072222222222222,0.007222222222222241,0.6470588235294118,0.35294117647058826
HP_ce4ae9d6,2026-01-08,SOIR,SS_36dfb490,OP_003,TL_001,OVALE,L_OV_X,3,1800,1255,0.7,18,12,6,0.6972222222222222,-0.002777777777777768,0.6666666666666666,0.3333333333333333
HP_bc5d26d2,2026-01-08,SOIR,SS_36dfb490,OP_003,TL_001,OVALE,L_OV_X,4,1800,1186,0.7,20,15,5,0.6588888888888889,-0.0411111111111111,0.75,0.25
HP_800dd80c,2026-01-08,SOIR,SS_36dfb490,OP_003,TL_001,OVALE,L_OV_X,5,1800,1233,0.7,18,13,5,0.685,-0.014999999999999902,0.7222222222222222,0.2777777777777778
HP_ae4e508c,2026-01-08,SOIR,SS_36dfb490,OP_003,TL_001,OVALE,L_OV_X,6,1800,1325,0.7,15,9,6,0.7361111111111112,0.036111111111111205,0.6,0.4
HP_8a8cf959,2026-01-08,SOIR,SS_36dfb490,OP_003,TL_001,OVALE,L_OV_X,7,1800,1287,0.7,17,13,4,0.715,0.015000000000000013,0.7647058823529411,0.23529411764705882
HP_bb559973,2026-01-08,NUIT,SS_0e31e412,OP_004,TL_002,CAMEMBERT,L_CAM_B,0,1080,1080,0.57,0,0,0,1.0,0.43000000000000005,0.0,0.0
HP_b58933a8,2026-01-08,NUIT,SS_0e31e412,OP_004,TL_002,CAMEMBERT,L_CAM_B,1,1080,568,0.57,28,22,6,0.5259259259259259,-0.04407407407407404,0.7857142857142857,0.21428571428571427
HP_c3ad4114,2026-01-08,NUIT,SS_0e31e412,OP_004,TL_002,CAMEMBERT,L_CAM_B,2,1080,648,0.57,24,15,9,0.6,0.030000000000000027,0.625,0.375
HP_82dd7935,2026-01-08,NUIT,SS_0e31e412,OP_004,TL_002,CAMEMBERT,L_CAM_B,3,1080,582,0.57,27,20,7,0.5388888888888889,-0.03111111111111109,0.7407407407407407,0.25925925925925924
HP_36f531b1,2026-01-08,NUIT,SS_0e31e412,OP_004,TL_002,CAMEMBERT,L_CAM_B,4,1080,576,0.57,28,18,10,0.5333333333333333,-0.036666666666666625,0.6428571428571429,0.35714285714285715
HP_d2a5ed60,2026-01-08,NUIT,SS_0e31e412,OP_004,TL_002,CAMEMBERT,L_CAM_B,5,1080,611,0.57,26,22,4,0.5657407407407408,-0.004259259259259185,0.8461538461538461,0.15384615384615385
HP_75dcda75,2026-01-08,NUIT,SS_0e31e412,OP_004,TL_002,CAMEMBERT,L_CAM_B,6,1080,569,0.57,28,23,5,0.5268518518518519,-0.04314814814814805,0.8214285714285714,0.17857142857142858
HP_26db2ffb,2026-01-08,NUIT,SS_0e31e412,OP_004,TL_002,CAMEMBERT,L_CAM_B,7,1080,654,0.57,23,14,9,0.6055555555555555,0.03555555555555556,0.6086956521739131,0.391304347826087
HP_1bb3637b,2026-01-09,MATIN,SS_0719d4c6,OP_005,TL_003,PORTION,L_PORTION_1,0,900,900,0.66,0,0,0,1.0,0.33999999999999997,0.0,0.0
HP_52f140ac,2026-01-09,MATIN,SS_0719d4c6,OP_005,TL_003,PORTION,L_PORTION_1,1,900,607,0.66,19,14,5,0.6744444444444444,0.014444444444444371,0.7368421052631579,0.2631578947368421
HP_3f32ed1e,2026-01-09,MATIN,SS_0719d4c6,OP_005,TL_003,PORTION,L_PORTION_1,2,900,550,0.66,23,14,9,0.6111111111111112,-0.04888888888888887,0.6086956521739131,0.391304347826087
HP_c5e9221c,2026-01-09,MATIN,SS_0719d4c6,OP_005,TL_003,PORTION,L_PORTION_1,3,900,616,0.66,18,12,6,0.6844444444444444,0.02444444444444438,0.6666666666666666,0.3333333333333333
HP_e251cd4f,2026-01-09,MATIN,SS_0719d4c6,OP_005,TL_003,PORTION,L_PORTION_1,4,900,585,0.66,21,15,6,0.65,-0.010000000000000009,0.7142857142857143,0.2857142857142857
HP_6a0ce3d7,2026-01-09,MATIN,SS_0719d4c6,OP_005,TL_003,PORTION,L_PORTION_1,5,900,626,0.66,18,15,3,0.6955555555555556,0.03555555555555556,0.8333333333333334,0.16666666666666666
HP_0741b3c0,2026-01-09,MATIN,SS_0719d4c6,OP_005,TL_003,PORTION,L_PORTION_1,6,900,563,0.66,22,13,9,0.6255555555555555,-0.0344444444444445,0.5909090909090909,0.4090909090909091
HP_3967fba6,2026-01-09,MATIN,SS_0719d4c6,OP_005,TL_003,PORTION,L_PORTION_1,7,900,584,0.66,21,18,3,0.6488888888888888,-0.011111111111111183,0.8571428571428571,0.14285714285714285
HP_e6dd9686,2026-01-09,SOIR,SS_b7cc04cd,OP_006,TL_001,OVALE,L_OV_MS,0,1200,1200,0.6,0,0,0,1.0,0.4,0.0,0.0
HP_ff57bdbe,2026-01-09,SOIR,SS_b7cc04cd,OP_006,TL_001,OVALE,L_OV_MS,1,1200,754,0.6,22,15,7,0.6283333333333333,0.02833333333333332,0.6818181818181818,0.3181818181818182
HP_f5f82f08,2026-01-09,SOIR,SS_b7cc04cd,OP_006,TL_001,OVALE,L_OV_MS,2,1200,743,0.6,22,18,4,0.6191666666666666,0.019166666666666665,0.8181818181818182,0.18181818181818182
HP_a067278d,2026-01-09,SOIR,SS_b7cc04cd,OP_006,TL_001,OVALE,L_OV_MS,3,1200,754,0.6,22,17,5,0.6283333333333333,0.02833333333333332,0.7727272727272727,0.22727272727272727
HP_5182f9fc,2026-01-09,SOIR,SS_b7cc04cd,OP_006,TL_001,OVALE,L_OV_MS,4,1200,718,0.6,24,15,9,0.5983333333333334,-0.0016666666666665941,0.625,0.375
HP_036ad696,2026-01-09,SOIR,SS_b7cc04cd,OP_006,TL_001,OVALE,L_OV_MS,5,1200,686,0.6,25,15,10,0.5716666666666667,-0.02833333333333332,0.6,0.4
HP_60c28d78,2026-01-09,SOIR,SS_b7cc04cd,OP_006,TL_001,OVALE,L_OV_MS,6,1200,748,0.6,22,13,9,0.6233333333333333,0.023333333333333317,0.5909090909090909,0.4090909090909091
HP_29afda19,2026-01-09,SOIR,SS_b7cc04cd,OP_006,TL_001,OVALE,L_OV_MS,7,1200,697,0.6,25,15,10,0.5808333333333333,-0.019166666666666665,0.6,0.4
HP_1cb4abc1,2026-01-09,NUIT,SS_f96ed236,OP_007,TL_002,CAMEMBERT,L_CAM_B,0,1080,1080,0.57,0,0,0,1.0,0.43000000000000005,0.0,0.0
HP_5492654d,2026-01-09,NUIT,SS_f96ed236,OP_007,TL_002,CAMEMBERT,L_CAM_B,1,1080,613,0.57,25,21,4,0.5675925925925925,-0.0024074074074074137,0.84,0.16
HP_4fc4109c,2026-01-09,NUIT,SS_f96ed236,OP_007,TL_002,CAMEMBERT,L_CAM_B,2,1080,618,0.57,25,15,10,0.5722222222222222,0.0022222222222222365,0.6,0.4
HP_3d8ba0ba,2026-01-09,NUIT,SS_f96ed236,OP_007,TL_002,CAMEMBERT,L_CAM_B,3,1080,616,0.57,25,21,4,0.5703703703703704,0.0003703703703704653,0.84,0.16
HP_0c959a41,2026-01-09,NUIT,SS_f96ed236,OP_007,TL_002,CAMEMBERT,L_CAM_B,4,1080,569,0.57,28,17,11,0.5268518518518519,-0.04314814814814805,0.6071428571428571,0.39285714285714285
HP_b1aaf07b,2026-01-09,NUIT,SS_f96ed236,OP_007,TL_002,CAMEMBERT,L_CAM_B,5,1080,654,0.57,23,16,7,0.6055555555555555,0.03555555555555556,0.6956521739130435,0.30434782608695654
HP_d6059da1,2026-01-09,NUIT,SS_f96ed236,OP_007,TL_002,CAMEMBERT,L_CAM_B,6,1080,663,0.57,23,17,6,0.6138888888888889,0.04388888888888898,0.7391304347826086,0.2608695652173913
HP_1aabb7d3,2026-01-09,NUIT,SS_f96ed236,OP_007,TL_002,CAMEMBERT,L_CAM_B,7,1080,624,0.57,25,15,10,0.5777777777777777,0.007777777777777772,0.6,0.4
HP_f7b841b1,2026-01-10,SD,SS_6d3e99fb,OP_008,TL_003,PORTION,L_PORTION_2,0,960,960,0.68,0,0,0,1.0,0.31999999999999995,0.0,0.0
HP_546f8fb5,2026-01-10,SD,SS_6d3e99fb,OP_008,TL_003,PORTION,L_PORTION_2,1,960,612,0.68,21,16,5,0.6375,-0.04250000000000009,0.7619047619047619,0.23809523809523808
HP_a40085d9,2026-01-10,SD,SS_6d3e99fb,OP_008,TL_003,PORTION,L_PORTION_2,2,960,635,0.68,20,13,7,0.6614583333333334,-0.01854166666666668,0.65,0.35
HP_9e356c91,2026-01-10,SD,SS_6d3e99fb,OP_008,TL_003,PORTION,L_PORTION_2,3,960,630,0.68,20,12,8,0.65625,-0.02375000000000005,0.6,0.4
HP_f60e1566,2026-01-11,SD,SS_855b781b,OP_009,TL_001,OVALE,L_OV_Y,0,1560,1560,0.63,0,0,0,1.0,0.37,0.0,0.0
HP_57fd47a7,2026-01-11,SD,SS_855b781b,OP_009,TL_001,OVALE,L_OV_Y,1,1560,954,0.63,23,18,5,0.6115384615384616,-0.018461538461538418,0.782608695652174,0.21739130434782608
HP_9ab0982a,2026-01-11,SD,SS_855b781b,OP_009,TL_001,OVALE,L_OV_Y,2,1560,983,0.63,22,14,8,0.6301282051282051,0.00012820512820510555,0.6363636363636364,0.36363636363636365
HP_fbf62a14,2026-01-11,SD,SS_855b781b,OP_009,TL_001,OVALE,L_OV_Y,3,1560,1014,0.63,21,16,5,0.65,0.020000000000000018,0.7619047619047619,0.23809523809523808
HP_5d299cd0,2026-01-12,MATIN,SS_5a484612,OP_010,TL_002,CAMEMBERT,L_CAM_B,0,1080,1080,0.57,0,0,0,1.0,0.43000000000000005,0.0,0.0
HP_a198ce9b,2026-01-12,MATIN,SS_5a484612,OP_010,TL_002,CAMEMBERT,L_CAM_B,1,1080,633,0.57,24,18,6,0.5861111111111111,0.016111111111111187,0.75,0.25
HP_1bae4843,2026-01-12,MATIN,SS_5a484612,OP_010,TL_002,CAMEMBERT,L_CAM_B,2,1080,662,0.57,23,14,9,0.6129629629629629,0.04296296296296298,0.6086956521739131,0.391304347826087
HP_462a024f,2026-01-12,MATIN,SS_5a484612,OP_010,TL_002,CAMEMBERT,L_CAM_B,3,1080,656,0.57,23,15,8,0.6074074074074074,0.037407407407407445,0.6521739130434783,0.34782608695652173
HP_5d889c0f,2026-01-12,MATIN,SS_5a484612,OP_010,TL_002,CAMEMBERT,L_CAM_B,4,1080,657,0.57,23,18,5,0.6083333333333333,0.03833333333333333,0.782608695652174,0.21739130434782608
HP_bd9ed029,2026-01-12,MATIN,SS_5a484612,OP_010,TL_002,CAMEMBERT,L_CAM_B,5,1080,578,0.57,27,18,9,0.5351851851851852,-0.03481481481481474,0.6666666666666666,0.3333333333333333
HP_a63da627,2026-01-12,MATIN,SS_5a484612,OP_010,TL_002,CAMEMBERT,L_CAM_B,6,1080,584,0.57,27,18,9,0.5407407407407407,-0.029259259259259207,0.6666666666666666,0.3333333333333333
HP_03e9cbec,2026-01-12,MATIN,SS_5a484612,OP_010,TL_002,CAMEMBERT,L_CAM_B,7,1080,635,0.57,24,20,4,0.5879629629629629,0.01796296296296296,0.8333333333333334,0.16666666666666666
HP_466bd81b,2026-01-12,SOIR,SS_d38f8e2a,OP_001,TL_003,PORTION,L_PORTION_1,0,900,900,0.66,0,0,0,1.0,0.33999999999999997,0.0,0.0
HP_19532405,2026-01-12,SOIR,SS_d38f8e2a,OP_001,TL_003,PORTION,L_PORTION_1,1,900,594,0.66,20,13,7,0.66,0.0,0.65,0.35
HP_28111336,2026-01-12,SOIR,SS_d38f8e2a,OP_001,TL_003,PORTION,L_PORTION_1,2,900,630,0.66,18,11,7,0.7,0.039999999999999925,0.6111111111111112,0.3888888888888889
HP_73f1473f,2026-01-12,SOIR,SS_d38f8e2a,OP_001,TL_003,PORTION,L_PORTION_1,3,900,606,0.66,19,16,3,0.6733333333333333,0.013333333333333308,0.8421052631578947,0.15789473684210525
HP_9af15742,2026-01-12,SOIR,SS_d38f8e2a,OP_001,TL_003,PORTION,L_PORTION_1,4,900,552,0.66,23,16,7,0.6133333333333333,-0.046666666666666745,0.6956521739130435,0.30434782608695654
HP_efbeb187,2026-01-12,SOIR,SS_d38f8e2a,OP_001,TL_003,PORTION,L_PORTION_1,5,900,560,0.66,22,19,3,0.6222222222222222,-0.0377777777777778,0.8636363636363636,0.13636363636363635
HP_f54e453a,2026-01-12,SOIR,SS_d38f8e2a,OP_001,TL_003,PORTION,L_PORTION_1,6,900,563,0.66,22,16,6,0.6255555555555555,-0.0344444444444445,0.7272727272727273,0.2727272727272727
HP_287a5833,2026-01-12,SOIR,SS_d38f8e2a,OP_001,TL_003,PORTION,L_PORTION_1,7,900,612,0.66,19,14,5,0.68,0.020000000000000018,0.7368421052631579,0.2631578947368421
HP_923154ab,2026-01-12,NUIT,SS_f46d91b1,OP_002,TL_001,OVALE,L_OV_ES,0,1500,1500,0.65,0,0,0,1.0,0.35,0.0,0.0
HP_e0b83e00,2026-01-12,NUIT,SS_f46d91b1,OP_002,TL_001,OVALE,L_OV_ES,1,1500,916,0.65,23,20,3,0.6106666666666667,-0.03933333333333333,0.8695652173913043,0.13043478260869565
HP_99010b76,2026-01-12,NUIT,SS_f46d91b1,OP_002,TL_001,OVALE,L_OV_ES,2,1500,1003,0.65,19,12,7,0.6686666666666666,0.01866666666666661,0.631578947368421,0.3684210526315789
HP_98884f16,2026-01-12,NUIT,SS_f46d91b1,OP_002,TL_001,OVALE,L_OV_ES,3,1500,905,0.65,23,16,7,0.6033333333333334,-0.046666666666666634,0.6956521739130435,0.30434782608695654
HP_8cb7eba3,2026-01-12,NUIT,SS_f46d91b1,OP_002,TL_001,OVALE,L_OV_ES,4,1500,982,0.65,20,14,6,0.6546666666666666,0.004666666666666597,0.7,0.3
HP_211e4cce,2026-01-12,NUIT,SS_f46d91b1,OP_002,TL_001,OVALE,L_OV_ES,5,1500,906,0.65,23,16,7,0.604,-0.04600000000000004,0.6956521739130435,0.30434782608695654
HP_29fa4e23,2026-01-12,NUIT,SS_f46d91b1,OP_002,TL_001,OVALE,L_OV_ES,6,1500,1039,0.65,18,16,2,0.6926666666666667,0.04266666666666663,0.8888888888888888,0.1111111111111111
HP_a671eeed,2026-01-12,NUIT,SS_f46d91b1,OP_002,TL_001,OVALE,L_OV_ES,7,1500,905,0.65,23,16,7,0.6033333333333334,-0.046666666666666634,0.6956521739130435,0.30434782608695654
HP_1b4c5464,2026-01-13,MATIN,SS_dd68c378,OP_003,TL_002,CAMEMBERT,L_CAM_B,0,1080,1080,0.57,0,0,0,1.0,0.43000000000000005,0.0,0.0
HP_08447dae,2026-01-13,MATIN,SS_dd68c378,OP_003,TL_002,CAMEMBERT,L_CAM_B,1,1080,635,0.57,24,19,5,0.5879629629629629,0.01796296296296296,0.7916666666666666,0.20833333333333334
HP_fe2a8cc2,2026-01-13,MATIN,SS_dd68c378,OP_003,TL_002,CAMEMBERT,L_CAM_B,2,1080,599,0.57,26,19,7,0.5546296296296296,-0.015370370370370368,0.7307692307692307,0.2692307692307692
HP_808ce2cc,2026-01-13,MATIN,SS_dd68c378,OP_003,TL_002,CAMEMBERT,L_CAM_B,3,1080,656,0.57,23,20,3,0.6074074074074074,0.037407407407407445,0.8695652173913043,0.13043478260869565
HP_f3d83837,2026-01-13,MATIN,SS_dd68c378,OP_003,TL_002,CAMEMBERT,L_CAM_B,4,1080,642,0.57,24,21,3,0.5944444444444444,0.02444444444444449,0.875,0.125
HP_a681c492,2026-01-13,MATIN,SS_dd68c378,OP_003,TL_002,CAMEMBERT,L_CAM_B,5,1080,587,0.57,27,17,10,0.5435185185185185,-0.02648148148148144,0.6296296296296297,0.37037037037037035
HP_40ed89e2,2026-01-13,MATIN,SS_dd68c378,OP_003,TL_002,CAMEMBERT,L_CAM_B,6,1080,647,0.57,24,15,9,0.5990740740740741,0.02907407407407414,0.625,0.375
HP_cae0b009,2026-01-13,MATIN,SS_dd68c378,OP_003,TL_002,CAMEMBERT,L_CAM_B,7,1080,606,0.57,26,16,10,0.5611111111111111,-0.008888888888888835,0.6153846153846154,0.38461538461538464
HP_aebe9b39,2026-01-13,SOIR,SS_e7344e2f,OP_004,TL_003,PORTION,L_PORTION_2,0,960,960,0.68,0,0,0,1.0,0.31999999999999995,0.0,0.0
HP_5ff54101,2026-01-13,SOIR,SS_e7344e2f,OP_004,TL_003,PORTION,L_PORTION_2,1,960,693,0.68,16,13,3,0.721875,0.041874999999999996,0.8125,0.1875
HP_5bb30e40,2026-01-13,SOIR,SS_e7344e2f,OP_004,TL_003,PORTION,L_PORTION_2,2,960,644,0.68,19,15,4,0.6708333333333333,-0.009166666666666767,0.7894736842105263,0.21052631578947367
HP_7cc9cd82,2026-01-13,SOIR,SS_e7344e2f,OP_004,TL_003,PORTION,L_PORTION_2,3,960,675,0.68,17,11,6,0.703125,0.02312499999999995,0.6470588235294118,0.35294117647058826
HP_d8f3a96d,2026-01-13,SOIR,SS_e7344e2f,OP_004,TL_003,PORTION,L_PORTION_2,4,960,620,0.68,21,17,4,0.6458333333333334,-0.03416666666666668,0.8095238095238095,0.19047619047619047
HP_f9bed96d,2026-01-13,SOIR,SS_e7344e2f,OP_004,TL_003,PORTION,L_PORTION_2,5,960,641,0.68,19,11,8,0.6677083333333333,-0.0122916666666667,0.5789473684210527,0.42105263157894735
HP_f7c605a6,2026-01-13,SOIR,SS_e7344e2f,OP_004,TL_003,PORTION,L_PORTION_2,6,960,649,0.68,19,12,7,0.6760416666666667,-0.003958333333333397,0.631578947368421,0.3684210526315789
HP_ce219c85,2026-01-13,SOIR,SS_e7344e2f,OP_004,TL_003,PORTION,L_PORTION_2,7,960,692,0.68,16,11,5,0.7208333333333333,0.04083333333333328,0.6875,0.3125
HP_8ddf06d3,2026-01-13,NUIT,SS_a3fbb0e3,OP_005,TL_001,OVALE,L_OV_Z,0,1380,1380,0.58,0,0,0,1.0,0.42000000000000004,0.0,0.0
HP_b6f34b06,2026-01-13,NUIT,SS_a3fbb0e3,OP_005,TL_001,OVALE,L_OV_Z,1,1380,844,0.58,23,19,4,0.6115942028985507,0.03159420289855075,0.8260869565217391,0.17391304347826086
HP_84420a64,2026-01-13,NUIT,SS_a3fbb0e3,OP_005,TL_001,OVALE,L_OV_Z,2,1380,762,0.58,26,20,6,0.5521739130434783,-0.027826086956521667,0.7692307692307693,0.23076923076923078
HP_4115688c,2026-01-13,NUIT,SS_a3fbb0e3,OP_005,TL_001,OVALE,L_OV_Z,3,1380,786,0.58,25,17,8,0.5695652173913044,-0.01043478260869557,0.68,0.32
HP_c97c5325,2026-01-13,NUIT,SS_a3fbb0e3,OP_005,TL_001,OVALE,L_OV_Z,4,1380,740,0.58,27,22,5,0.5362318840579711,-0.043768115942028896,0.8148148148148148,0.18518518518518517
HP_d39c559e,2026-01-13,NUIT,SS_a3fbb0e3,OP_005,TL_001,OVALE,L_OV_Z,5,1380,779,0.58,26,19,7,0.5644927536231884,-0.015507246376811556,0.7307692307692307,0.2692307692307692
HP_5996c7a3,2026-01-13,NUIT,SS_a3fbb0e3,OP_005,TL_001,OVALE,L_OV_Z,6,1380,825,0.58,24,20,4,0.5978260869565217,0.01782608695652177,0.8333333333333334,0.16666666666666666
HP_2e9c5c22,2026-01-13,NUIT,SS_a3fbb0e3,OP_005,TL_001,OVALE,L_OV_Z,7,1380,777,0.58,26,15,11,0.5630434782608695,-0.016956521739130426,0.5769230769230769,0.4230769230769231
HP_a9f686ed,2026-01-14,MATIN,SS_d7ce72be,OP_006,TL_002,CAMEMBERT,L_CAM_B,0,1080,1080,0.57,0,0,0,1.0,0.43000000000000005,0.0,0.0
HP_c63fed31,2026-01-14,MATIN,SS_d7ce72be,OP_006,TL_002,CAMEMBERT,L_CAM_B,1,1080,656,0.57,23,15,8,0.6074074074074074,0.037407407407407445,0.6521739130434783,0.34782608695652173
HP_644b62e2,2026-01-14,MATIN,SS_d7ce72be,OP_006,TL_002,CAMEMBERT,L_CAM_B,2,1080,624,0.57,25,22,3,0.5777777777777777,0.007777777777777772,0.88,0.12
HP_0b999d5f,2026-01-14,MATIN,SS_d7ce72be,OP_006,TL_002,CAMEMBERT,L_CAM_B,3,1080,565,0.57,28,21,7,0.5231481481481481,-0.04685185185185181,0.75,0.25
HP_2fe5cab5,2026-01-14,MATIN,SS_d7ce72be,OP_006,TL_002,CAMEMBERT,L_CAM_B,4,1080,598,0.57,26,21,5,0.5537037037037037,-0.016296296296296253,0.8076923076923077,0.19230769230769232
HP_2d840e45,2026-01-14,MATIN,SS_d7ce72be,OP_006,TL_002,CAMEMBERT,L_CAM_B,5,1080,608,0.57,26,23,3,0.562962962962963,-0.007037037037036953,0.8846153846153846,0.11538461538461539
HP_0da50f67,2026-01-14,MATIN,SS_d7ce72be,OP_006,TL_002,CAMEMBERT,L_CAM_B,6,1080,574,0.57,28,24,4,0.5314814814814814,-0.03851851851851851,0.8571428571428571,0.14285714285714285
HP_6a6c1ac5,2026-01-14,MATIN,SS_d7ce72be,OP_006,TL_002,CAMEMBERT,L_CAM_B,7,1080,582,0.57,27,16,11,0.5388888888888889,-0.03111111111111109,0.5925925925925926,0.4074074074074074
HP_5bb7deb2,2026-01-14,SOIR,SS_822df984,OP_007,TL_003,PORTION,L_PORTION_1,0,900,900,0.66,0,0,0,1.0,0.33999999999999997,0.0,0.0
HP_cc93d185,2026-01-14,SOIR,SS_822df984,OP_007,TL_003,PORTION,L_PORTION_1,1,900,588,0.66,20,15,5,0.6533333333333333,-0.00666666666666671,0.75,0.25
HP_c5d88914,2026-01-14,SOIR,SS_822df984,OP_007,TL_003,PORTION,L_PORTION_1,2,900,621,0.66,18,14,4,0.69,0.029999999999999916,0.7777777777777778,0.2222222222222222
HP_a43f272d,2026-01-14,SOIR,SS_822df984,OP_007,TL_003,PORTION,L_PORTION_1,3,900,633,0.66,17,13,4,0.7033333333333334,0.043333333333333335,0.7647058823529411,0.23529411764705882
HP_050e0a43,2026-01-14,SOIR,SS_822df984,OP_007,TL_003,PORTION,L_PORTION_1,4,900,566,0.66,22,16,6,0.6288888888888889,-0.03111111111111109,0.7272727272727273,0.2727272727272727
HP_843ca29f,2026-01-14,SOIR,SS_822df984,OP_007,TL_003,PORTION,L_PORTION_1,5,900,634,0.66,17,14,3,0.7044444444444444,0.0444444444444444,0.8235294117647058,0.17647058823529413
HP_dbfeb2ab,2026-01-14,SOIR,SS_822df984,OP_007,TL_003,PORTION,L_PORTION_1,6,900,605,0.66,19,15,4,0.6722222222222223,0.012222222222222245,0.7894736842105263,0.21052631578947367
HP_d942fd13,2026-01-14,SOIR,SS_822df984,OP_007,TL_003,PORTION,L_PORTION_1,7,900,560,0.66,22,19,3,0.6222222222222222,-0.0377777777777778,0.8636363636363636,0.13636363636363635
HP_d3e70364,2026-01-14,NUIT,SS_2fbaf0e3,OP_008,TL_001,OVALE,L_OV_X,0,1800,1800,0.7,0,0,0,1.0,0.30000000000000004,0.0,0.0
HP_423d20da,2026-01-14,NUIT,SS_2fbaf0e3,OP_008,TL_001,OVALE,L_OV_X,1,1800,1261,0.7,17,13,4,0.7005555555555556,0.0005555555555556424,0.7647058823529411,0.23529411764705882
HP_cd53c3b2,2026-01-14,NUIT,SS_2fbaf0e3,OP_008,TL_001,OVALE,L_OV_X,2,1800,1228,0.7,19,15,4,0.6822222222222222,-0.01777777777777778,0.7894736842105263,0.21052631578947367
HP_4bc3ab42,2026-01-14,NUIT,SS_2fbaf0e3,OP_008,TL_001,OVALE,L_OV_X,3,1800,1269,0.7,17,11,6,0.705,0.0050000000000000044,0.6470588235294118,0.35294117647058826
HP_ce859080,2026-01-14,NUIT,SS_2fbaf0e3,OP_008,TL_001,OVALE,L_OV_X,4,1800,1289,0.7,17,12,5,0.7161111111111111,0.016111111111111187,0.7058823529411765,0.29411764705882354
HP_060d864b,2026-01-14,NUIT,SS_2fbaf0e3,OP_008,TL_001,OVALE,L_OV_X,5,1800,1304,0.7,16,10,6,0.7244444444444444,0.02444444444444449,0.625,0.375
HP_e52fe242,2026-01-14,NUIT,SS_2fbaf0e3,OP_008,TL_001,OVALE,L_OV_X,6,1800,1272,0.7,17,12,5,0.7066666666666667,0.00666666666666671,0.7058823529411765,0.29411764705882354
HP_74eb27f1,2026-01-14,NUIT,SS_2fbaf0e3,OP_008,TL_001,OVALE,L_OV_X,7,1800,1320,0.7,16,11,5,0.7333333333333333,0.033333333333333326,0.6875,0.3125
HP_9000bd8f,2026-01-15,MATIN,SS_8841c507,OP_009,TL_002,CAMEMBERT,L_CAM_B,0,1080,1080,0.57,0,0,0,1.0,0.43000000000000005,0.0,0.0
HP_710e80e8,2026-01-15,MATIN,SS_8841c507,OP_009,TL_002,CAMEMBERT,L_CAM_B,1,1080,584,0.57,27,22,5,0.5407407407407407,-0.029259259259259207,0.8148148148148148,0.18518518518518517
HP_89a61a5b,2026-01-15,MATIN,SS_8841c507,OP_009,TL_002,CAMEMBERT,L_CAM_B,2,1080,627,0.57,25,17,8,0.5805555555555556,0.010555555555555651,0.68,0.32
HP_180a93de,2026-01-15,MATIN,SS_8841c507,OP_009,TL_002,CAMEMBERT,L_CAM_B,3,1080,609,0.57,26,20,6,0.5638888888888889,-0.006111111111111067,0.7692307692307693,0.23076923076923078
HP_ab7f948d,2026-01-15,MATIN,SS_8841c507,OP_009,TL_002,CAMEMBERT,L_CAM_B,4,1080,616,0.57,25,20,5,0.5703703703703704,0.0003703703703704653,0.8,0.2
HP_2e57bd9d,2026-01-15,MATIN,SS_8841c507,OP_009,TL_002,CAMEMBERT,L_CAM_B,5,1080,665,0.57,23,18,5,0.6157407407407407,0.04574074074074075,0.782608695652174,0.21739130434782608
HP_b28322b4,2026-01-15,MATIN,SS_8841c507,OP_009,TL_002,CAMEMBERT,L_CAM_B,6,1080,632,0.57,24,16,8,0.5851851851851851,0.01518518518518519,0.6666666666666666,0.3333333333333333
HP_a8b0983f,2026-01-15,MATIN,SS_8841c507,OP_009,TL_002,CAMEMBERT,L_CAM_B,7,1080,633,0.57,24,18,6,0.5861111111111111,0.016111111111111187,0.75,0.25
HP_c9c5361d,2026-01-15,SOIR,SS_20796214,OP_010,TL_003,PORTION,L_PORTION_2,0,960,960,0.68,0,0,0,1.0,0.31999999999999995,0.0,0.0
HP_59b89ab2,2026-01-15,SOIR,SS_20796214,OP_010,TL_003,PORTION,L_PORTION_2,1,960,613,0.68,21,18,3,0.6385416666666667,-0.041458333333333375,0.8571428571428571,0.14285714285714285
HP_3e2b7797,2026-01-15,SOIR,SS_20796214,OP_010,TL_003,PORTION,L_PORTION_2,2,960,627,0.68,20,13,7,0.653125,-0.026875000000000093,0.65,0.35
HP_df5d0282,2026-01-15,SOIR,SS_20796214,OP_010,TL_003,PORTION,L_PORTION_2,3,960,682,0.68,17,10,7,0.7104166666666667,0.030416666666666647,0.5882352941176471,0.4117647058823529
HP_867eeb9a,2026-01-15,SOIR,SS_20796214,OP_010,TL_003,PORTION,L_PORTION_2,4,960,609,0.68,21,18,3,0.634375,-0.04562500000000003,0.8571428571428571,0.14285714285714285
HP_b2f291fe,2026-01-15,SOIR,SS_20796214,OP_010,TL_003,PORTION,L_PORTION_2,5,960,663,0.68,18,14,4,0.690625,0.010624999999999996,0.7777777777777778,0.2222222222222222
HP_4b1357bd,2026-01-15,SOIR,SS_20796214,OP_010,TL_003,PORTION,L_PORTION_2,6,960,648,0.68,19,16,3,0.675,-0.0050000000000000044,0.8421052631578947,0.15789473684210525
HP_c0d91b55,2026-01-15,SOIR,SS_20796214,OP_010,TL_003,PORTION,L_PORTION_2,7,960,660,0.68,18,14,4,0.6875,0.007499999999999951,0.7777777777777778,0.2222222222222222
HP_acd5c725,2026-01-15,NUIT,SS_3b2e4196,OP_001,TL_001,OVALE,L_OV_MS,0,1200,1200,0.6,0,0,0,1.0,0.4,0.0,0.0
HP_72ca2df9,2026-01-15,NUIT,SS_3b2e4196,OP_001,TL_001,OVALE,L_OV_MS,1,1200,706,0.6,24,17,7,0.5883333333333334,-0.011666666666666603,0.7083333333333334,0.2916666666666667
HP_a5060cd6,2026-01-15,NUIT,SS_3b2e4196,OP_001,TL_001,OVALE,L_OV_MS,2,1200,677,0.6,26,20,6,0.5641666666666667,-0.03583333333333327,0.7692307692307693,0.23076923076923078
HP_5a627a08,2026-01-15,NUIT,SS_3b2e4196,OP_001,TL_001,OVALE,L_OV_MS,3,1200,767,0.6,21,18,3,0.6391666666666667,0.03916666666666668,0.8571428571428571,0.14285714285714285
HP_1df7d200,2026-01-15,NUIT,SS_3b2e4196,OP_001,TL_001,OVALE,L_OV_MS,4,1200,766,0.6,21,17,4,0.6383333333333333,0.03833333333333333,0.8095238095238095,0.19047619047619047
HP_29ee4b17,2026-01-15,NUIT,SS_3b2e4196,OP_001,TL_001,OVALE,L_OV_MS,5,1200,686,0.6,25,21,4,0.5716666666666667,-0.02833333333333332,0.84,0.16
HP_c63b6684,2026-01-15,NUIT,SS_3b2e4196,OP_001,TL_001,OVALE,L_OV_MS,6,1200,743,0.6,22,16,6,0.6191666666666666,0.019166666666666665,0.7272727272727273,0.2727272727272727
HP_5ccb01ad,2026-01-15,NUIT,SS_3b2e4196,OP_001,TL_001,OVALE,L_OV_MS,7,1200,726,0.6,23,20,3,0.605,0.0050000000000000044,0.8695652173913043,0.13043478260869565
HP_e2b5cee1,2026-01-16,MATIN,SS_453b3a79,OP_002,TL_002,CAMEMBERT,L_CAM_B,0,1080,1080,0.57,0,0,0,1.0,0.43000000000000005,0.0,0.0
HP_d9eeb983,2026-01-16,MATIN,SS_453b3a79,OP_002,TL_002,CAMEMBERT,L_CAM_B,1,1080,574,0.57,28,17,11,0.5314814814814814,-0.03851851851851851,0.6071428571428571,0.39285714285714285
HP_683018a7,2026-01-16,MATIN,SS_453b3a79,OP_002,TL_002,CAMEMBERT,L_CAM_B,2,1080,611,0.57,26,19,7,0.5657407407407408,-0.004259259259259185,0.7307692307692307,0.2692307692307692
HP_c4154422,2026-01-16,MATIN,SS_453b3a79,OP_002,TL_002,CAMEMBERT,L_CAM_B,3,1080,621,0.57,25,17,8,0.575,0.0050000000000000044,0.68,0.32
HP_5c92b387,2026-01-16,MATIN,SS_453b3a79,OP_002,TL_002,CAMEMBERT,L_CAM_B,4,1080,643,0.57,24,17,7,0.5953703703703703,0.025370370370370376,0.7083333333333334,0.2916666666666667
HP_80028c88,2026-01-16,MATIN,SS_453b3a79,OP_002,TL_002,CAMEMBERT,L_CAM_B,5,1080,649,0.57,23,19,4,0.600925925925926,0.030925925925926023,0.8260869565217391,0.17391304347826086
HP_4b7157cc,2026-01-16,MATIN,SS_453b3a79,OP_002,TL_002,CAMEMBERT,L_CAM_B,6,1080,607,0.57,26,22,4,0.562037037037037,-0.00796296296296295,0.8461538461538461,0.15384615384615385
HP_e50ddf0f,2026-01-16,MATIN,SS_453b3a79,OP_002,TL_002,CAMEMBERT,L_CAM_B,7,1080,609,0.57,26,16,10,0.5638888888888889,-0.006111111111111067,0.6153846153846154,0.38461538461538464
HP_99ec84b0,2026-01-16,SOIR,SS_da9dfdd9,OP_003,TL_003,PORTION,L_PORTION_1,0,900,900,0.66,0,0,0,1.0,0.33999999999999997,0.0,0.0
HP_65092cd2,2026-01-16,SOIR,SS_da9dfdd9,OP_003,TL_003,PORTION,L_PORTION_1,1,900,626,0.66,18,13,5,0.6955555555555556,0.03555555555555556,0.7222222222222222,0.2777777777777778
HP_cd6efed6,2026-01-16,SOIR,SS_da9dfdd9,OP_003,TL_003,PORTION,L_PORTION_1,2,900,616,0.66,18,15,3,0.6844444444444444,0.02444444444444438,0.8333333333333334,0.16666666666666666
HP_7f00d871,2026-01-16,SOIR,SS_da9dfdd9,OP_003,TL_003,PORTION,L_PORTION_1,3,900,573,0.66,21,17,4,0.6366666666666667,-0.023333333333333317,0.8095238095238095,0.19047619047619047
HP_0223d604,2026-01-16,SOIR,SS_da9dfdd9,OP_003,TL_003,PORTION,L_PORTION_1,4,900,592,0.66,20,13,7,0.6577777777777778,-0.0022222222222222365,0.65,0.35
HP_85b989be,2026-01-16,SOIR,SS_da9dfdd9,OP_003,TL_003,PORTION,L_PORTION_1,5,900,588,0.66,20,16,4,0.6533333333333333,-0.00666666666666671,0.8,0.2
HP_eb06faed,2026-01-16,SOIR,SS_da9dfdd9,OP_003,TL_003,PORTION,L_PORTION_1,6,900,570,0.66,22,15,7,0.6333333333333333,-0.026666666666666727,0.6818181818181818,0.3181818181818182
HP_b9747508,2026-01-16,SOIR,SS_da9dfdd9,OP_003,TL_003,PORTION,L_PORTION_1,7,900,629,0.66,18,11,7,0.6988888888888889,0.03888888888888886,0.6111111111111112,0.3888888888888889
HP_31fd50e5,2026-01-16,NUIT,SS_5de33b59,OP_004,TL_001,OVALE,L_OV_Y,0,1560,1560,0.63,0,0,0,1.0,0.37,0.0,0.0
HP_240d105e,2026-01-16,NUIT,SS_5de33b59,OP_004,TL_001,OVALE,L_OV_Y,1,1560,928,0.63,24,17,7,0.5948717948717949,-0.03512820512820514,0.7083333333333334,0.2916666666666667
HP_df8c9988,2026-01-16,NUIT,SS_5de33b59,OP_004,TL_001,OVALE,L_OV_Y,2,1560,928,0.63,24,15,9,0.5948717948717949,-0.03512820512820514,0.625,0.375
HP_3d0e9092,2026-01-16,NUIT,SS_5de33b59,OP_004,TL_001,OVALE,L_OV_Y,3,1560,969,0.63,22,15,7,0.6211538461538462,-0.008846153846153837,0.6818181818181818,0.3181818181818182
HP_bc680c76,2026-01-16,NUIT,SS_5de33b59,OP_004,TL_001,OVALE,L_OV_Y,4,1560,977,0.63,22,13,9,0.6262820512820513,-0.003717948717948727,0.5909090909090909,0.4090909090909091
HP_49b3554c,2026-01-16,NUIT,SS_5de33b59,OP_004,TL_001,OVALE,L_OV_Y,5,1560,1034,0.63,20,14,6,0.6628205128205128,0.03282051282051279,0.7,0.3
HP_14509cfe,2026-01-16,NUIT,SS_5de33b59,OP_004,TL_001,OVALE,L_OV_Y,6,1560,1024,0.63,20,17,3,0.6564102564102564,0.026410256410256405,0.85,0.15
HP_062ff355,2026-01-16,NUIT,SS_5de33b59,OP_004,TL_001,OVALE,L_OV_Y,7,1560,907,0.63,25,21,4,0.5814102564102565,-0.04858974358974355,0.84,0.16
HP_91c5015d,2026-01-17,SD,SS_868e398e,OP_005,TL_002,CAMEMBERT,L_CAM_B,0,1080,1080,0.57,0,0,0,1.0,0.43000000000000005,0.0,0.0
HP_c55d65ae,2026-01-17,SD,SS_868e398e,OP_005,TL_002,CAMEMBERT,L_CAM_B,1,1080,623,0.57,25,18,7,0.5768518518518518,0.006851851851851887,0.72,0.28
HP_2cc73d5d,2026-01-17,SD,SS_868e398e,OP_005,TL_002,CAMEMBERT,L_CAM_B,2,1080,619,0.57,25,20,5,0.5731481481481482,0.003148148148148233,0.8,0.2
HP_d19df3ac,2026-01-17,SD,SS_868e398e,OP_005,TL_002,CAMEMBERT,L_CAM_B,3,1080,564,0.57,28,19,9,0.5222222222222223,-0.0477777777777777,0.6785714285714286,0.32142857142857145
HP_18a2363b,2026-01-18,SD,SS_9b4cb10a,OP_006,TL_003,PORTION,L_PORTION_2,0,960,960,0.68,0,0,0,1.0,0.31999999999999995,0.0,0.0
HP_37417f90,2026-01-18,SD,SS_9b4cb10a,OP_006,TL_003,PORTION,L_PORTION_2,1,960,698,0.68,16,12,4,0.7270833333333333,0.047083333333333255,0.75,0.25
HP_6f5417d6,2026-01-18,SD,SS_9b4cb10a,OP_006,TL_003,PORTION,L_PORTION_2,2,960,666,0.68,18,11,7,0.69375,0.013749999999999929,0.6111111111111112,0.3888888888888889
HP_2e08ced3,2026-01-18,SD,SS_9b4cb10a,OP_006,TL_003,PORTION,L_PORTION_2,3,960,641,0.68,19,12,7,0.6677083333333333,-0.0122916666666667,0.631578947368421,0.3684210526315789
HP_76be23c6,2026-01-19,MATIN,SS_3985fa90,OP_007,TL_001,OVALE,L_OV_ES,0,1500,1500,0.65,0,0,0,1.0,0.35,0.0,0.0
HP_c53e67f2,2026-01-19,MATIN,SS_3985fa90,OP_007,TL_001,OVALE,L_OV_ES,1,1500,941,0.65,22,19,3,0.6273333333333333,-0.022666666666666724,0.8636363636363636,0.13636363636363635
HP_0e66afa6,2026-01-19,MATIN,SS_3985fa90,OP_007,TL_001,OVALE,L_OV_ES,2,1500,963,0.65,21,17,4,0.642,-0.008000000000000007,0.8095238095238095,0.19047619047619047
HP_3a2ba4a6,2026-01-19,MATIN,SS_3985fa90,OP_007,TL_001,OVALE,L_OV_ES,3,1500,970,0.65,21,17,4,0.6466666666666666,-0.0033333333333334103,0.8095238095238095,0.19047619047619047
HP_6a0b7e39,2026-01-19,MATIN,SS_3985fa90,OP_007,TL_001,OVALE,L_OV_ES,4,1500,907,0.65,23,20,3,0.6046666666666667,-0.04533333333333334,0.8695652173913043,0.13043478260869565
HP_1af5df9a,2026-01-19,MATIN,SS_3985fa90,OP_007,TL_001,OVALE,L_OV_ES,5,1500,933,0.65,22,13,9,0.622,-0.028000000000000025,0.5909090909090909,0.4090909090909091
HP_df28cec0,2026-01-19,MATIN,SS_3985fa90,OP_007,TL_001,OVALE,L_OV_ES,6,1500,1043,0.65,18,11,7,0.6953333333333334,0.04533333333333334,0.6111111111111112,0.3888888888888889
HP_65e21bfc,2026-01-19,MATIN,SS_3985fa90,OP_007,TL_001,OVALE,L_OV_ES,7,1500,904,0.65,23,15,8,0.6026666666666667,-0.04733333333333334,0.6521739130434783,0.34782608695652173
HP_24dae325,2026-01-19,SOIR,SS_3f772fa4,OP_008,TL_002,CAMEMBERT,L_CAM_B,0,1080,1080,0.57,0,0,0,1.0,0.43000000000000005,0.0,0.0
HP_278b4ea6,2026-01-19,SOIR,SS_3f772fa4,OP_008,TL_002,CAMEMBERT,L_CAM_B,1,1080,652,0.57,23,18,5,0.6037037037037037,0.03370370370370379,0.782608695652174,0.21739130434782608
HP_a3d0648c,2026-01-19,SOIR,SS_3f772fa4,OP_008,TL_002,CAMEMBERT,L_CAM_B,2,1080,587,0.57,27,20,7,0.5435185185185185,-0.02648148148148144,0.7407407407407407,0.25925925925925924
HP_339f00eb,2026-01-19,SOIR,SS_3f772fa4,OP_008,TL_002,CAMEMBERT,L_CAM_B,3,1080,573,0.57,28,24,4,0.5305555555555556,-0.03944444444444439,0.8571428571428571,0.14285714285714285
HP_b828b8e6,2026-01-19,SOIR,SS_3f772fa4,OP_008,TL_002,CAMEMBERT,L_CAM_B,4,1080,611,0.57,26,17,9,0.5657407407407408,-0.004259259259259185,0.6538461538461539,0.34615384615384615
HP_194da8b3,2026-01-19,SOIR,SS_3f772fa4,OP_008,TL_002,CAMEMBERT,L_CAM_B,5,1080,601,0.57,26,20,6,0.5564814814814815,-0.013518518518518485,0.7692307692307693,0.23076923076923078
HP_b6d0f1b1,2026-01-19,SOIR,SS_3f772fa4,OP_008,TL_002,CAMEMBERT,L_CAM_B,6,1080,665,0.57,23,18,5,0.6157407407407407,0.04574074074074075,0.782608695652174,0.21739130434782608
HP_2fb26dae,2026-01-19,SOIR,SS_3f772fa4,OP_008,TL_002,CAMEMBERT,L_CAM_B,7,1080,645,0.57,24,15,9,0.5972222222222222,0.02722222222222226,0.625,0.375
HP_9272bbca,2026-01-19,NUIT,SS_38e3d3c7,OP_009,TL_003,PORTION,L_PORTION_1,0,900,900,0.66,0,0,0,1.0,0.33999999999999997,0.0,0.0
HP_3b26e1f7,2026-01-19,NUIT,SS_38e3d3c7,OP_009,TL_003,PORTION,L_PORTION_1,1,900,576,0.66,21,16,5,0.64,-0.020000000000000018,0.7619047619047619,0.23809523809523808
HP_337b8a91,2026-01-19,NUIT,SS_38e3d3c7,OP_009,TL_003,PORTION,L_PORTION_1,2,900,632,0.66,17,13,4,0.7022222222222222,0.04222222222222216,0.7647058823529411,0.23529411764705882
HP_60e07a30,2026-01-19,NUIT,SS_38e3d3c7,OP_009,TL_003,PORTION,L_PORTION_1,3,900,630,0.66,18,12,6,0.7,0.039999999999999925,0.6666666666666666,0.3333333333333333
HP_7c67abe2,2026-01-19,NUIT,SS_38e3d3c7,OP_009,TL_003,PORTION,L_PORTION_1,4,900,633,0.66,17,11,6,0.7033333333333334,0.043333333333333335,0.6470588235294118,0.35294117647058826
HP_7e9ae0ed,2026-01-19,NUIT,SS_38e3d3c7,OP_009,TL_003,PORTION,L_PORTION_1,5,900,602,0.66,19,16,3,0.6688888888888889,0.008888888888888835,0.8421052631578947,0.15789473684210525
HP_77f02f18,2026-01-19,NUIT,SS_38e3d3c7,OP_009,TL_003,PORTION,L_PORTION_1,6,900,570,0.66,22,17,5,0.6333333333333333,-0.026666666666666727,0.7727272727272727,0.22727272727272727
HP_227a0c64,2026-01-19,NUIT,SS_38e3d3c7,OP_009,TL_003,PORTION,L_PORTION_1,7,900,576,0.66,21,16,5,0.64,-0.020000000000000018,0.7619047619047619,0.23809523809523808
HP_488028ba,2026-01-20,MATIN,SS_44f977e6,OP_010,TL_001,OVALE,L_OV_Z,0,1380,1380,0.58,0,0,0,1.0,0.42000000000000004,0.0,0.0
HP_57ef6051,2026-01-20,MATIN,SS_44f977e6,OP_010,TL_001,OVALE,L_OV_Z,1,1380,842,0.58,23,19,4,0.6101449275362318,0.03014492753623188,0.8260869565217391,0.17391304347826086
HP_1850ee71,2026-01-20,MATIN,SS_44f977e6,OP_010,TL_001,OVALE,L_OV_Z,2,1380,809,0.58,24,14,10,0.586231884057971,0.006231884057971038,0.5833333333333334,0.4166666666666667
HP_f00d7e1b,2026-01-20,MATIN,SS_44f977e6,OP_010,TL_001,OVALE,L_OV_Z,3,1380,804,0.58,25,19,6,0.5826086956521739,0.00260869565217392,0.76,0.24
HP_4bae4147,2026-01-20,MATIN,SS_44f977e6,OP_010,TL_001,OVALE,L_OV_Z,4,1380,740,0.58,27,21,6,0.5362318840579711,-0.043768115942028896,0.7777777777777778,0.2222222222222222
HP_2f3fdeca,2026-01-20,MATIN,SS_44f977e6,OP_010,TL_001,OVALE,L_OV_Z,5,1380,733,0.58,28,20,8,0.5311594202898551,-0.04884057971014488,0.7142857142857143,0.2857142857142857
HP_d50174b7,2026-01-20,MATIN,SS_44f977e6,OP_010,TL_001,OVALE,L_OV_Z,6,1380,799,0.58,25,18,7,0.5789855072463768,-0.0010144927536231974,0.72,0.28
HP_98f52590,2026-01-20,MATIN,SS_44f977e6,OP_010,TL_001,OVALE,L_OV_Z,7,1380,781,0.58,26,22,4,0.5659420289855073,-0.014057971014492687,0.8461538461538461,0.15384615384615385
HP_a32b7085,2026-01-20,SOIR,SS_72aebffb,OP_001,TL_002,CAMEMBERT,L_CAM_B,0,1080,1080,0.57,0,0,0,1.0,0.43000000000000005,0.0,0.0
HP_49732afc,2026-01-20,SOIR,SS_72aebffb,OP_001,TL_002,CAMEMBERT,L_CAM_B,1,1080,611,0.57,26,16,10,0.5657407407407408,-0.004259259259259185,0.6153846153846154,0.38461538461538464
HP_dc764eee,2026-01-20,SOIR,SS_72aebffb,OP_001,TL_002,CAMEMBERT,L_CAM_B,2,1080,580,0.57,27,20,7,0.5370370370370371,-0.03296296296296286,0.7407407407407407,0.25925925925925924
HP_92fa3786,2026-01-20,SOIR,SS_72aebffb,OP_001,TL_002,CAMEMBERT,L_CAM_B,3,1080,631,0.57,24,18,6,0.5842592592592593,0.014259259259259305,0.75,0.25
HP_b35080ff,2026-01-20,SOIR,SS_72aebffb,OP_001,TL_002,CAMEMBERT,L_CAM_B,4,1080,660,0.57,23,19,4,0.6111111111111112,0.04111111111111121,0.8260869565217391,0.17391304347826086
HP_56f1c5c1,2026-01-20,SOIR,SS_72aebffb,OP_001,TL_002,CAMEMBERT,L_CAM_B,5,1080,611,0.57,26,22,4,0.5657407407407408,-0.004259259259259185,0.8461538461538461,0.15384615384615385
HP_9a26e5e4,2026-01-20,SOIR,SS_72aebffb,OP_001,TL_002,CAMEMBERT,L_CAM_B,6,1080,625,0.57,25,17,8,0.5787037037037037,0.008703703703703769,0.68,0.32
HP_285f8f9b,2026-01-20,SOIR,SS_72aebffb,OP_001,TL_002,CAMEMBERT,L_CAM_B,7,1080,588,0.57,27,23,4,0.5444444444444444,-0.025555555555555554,0.8518518518518519,0.14814814814814814
HP_ae4aef89,2026-01-20,NUIT,SS_28be8b2c,OP_002,TL_003,PORTION,L_PORTION_2,0,960,960,0.68,0,0,0,1.0,0.31999999999999995,0.0,0.0
HP_501550cd,2026-01-20,NUIT,SS_28be8b2c,OP_002,TL_003,PORTION,L_PORTION_2,1,960,631,0.68,20,14,6,0.6572916666666667,-0.02270833333333333,0.7,0.3
HP_121a6fa9,2026-01-20,NUIT,SS_28be8b2c,OP_002,TL_003,PORTION,L_PORTION_2,2,960,676,0.68,17,13,4,0.7041666666666667,0.02416666666666667,0.7647058823529411,0.23529411764705882
HP_d3c47eb2,2026-01-20,NUIT,SS_28be8b2c,OP_002,TL_003,PORTION,L_PORTION_2,3,960,668,0.68,18,12,6,0.6958333333333333,0.015833333333333255,0.6666666666666666,0.3333333333333333
HP_b5104a99,2026-01-20,NUIT,SS_28be8b2c,OP_002,TL_003,PORTION,L_PORTION_2,4,960,652,0.68,19,13,6,0.6791666666666667,-0.0008333333333333526,0.6842105263157895,0.3157894736842105
HP_67548681,2026-01-20,NUIT,SS_28be8b2c,OP_002,TL_003,PORTION,L_PORTION_2,5,960,651,0.68,19,13,6,0.678125,-0.001875000000000071,0.6842105263157895,0.3157894736842105
HP_daf3d7dd,2026-01-20,NUIT,SS_28be8b2c,OP_002,TL_003,PORTION,L_PORTION_2,6,960,629,0.68,20,13,7,0.6552083333333333,-0.024791666666666767,0.65,0.35
HP_d53f538c,2026-01-20,NUIT,SS_28be8b2c,OP_002,TL_003,PORTION,L_PORTION_2,7,960,662,0.68,18,15,3,0.6895833333333333,0.009583333333333277,0.8333333333333334,0.16666666666666666
HP_3220f16d,2026-01-21,MATIN,SS_94628064,OP_003,TL_001,OVALE,L_OV_X,0,1800,1800,0.7,0,0,0,1.0,0.30000000000000004,0.0,0.0
HP_710ae0c2,2026-01-21,MATIN,SS_94628064,OP_003,TL_001,OVALE,L_OV_X,1,1800,1270,0.7,17,12,5,0.7055555555555556,0.005555555555555647,0.7058823529411765,0.29411764705882354
HP_10ad848c,2026-01-21,MATIN,SS_94628064,OP_003,TL_001,OVALE,L_OV_X,2,1800,1204,0.7,19,12,7,0.6688888888888889,-0.03111111111111109,0.631578947368421,0.3684210526315789
HP_1ff3bba7,2026-01-21,MATIN,SS_94628064,OP_003,TL_001,OVALE,L_OV_X,3,1800,1243,0.7,18,13,5,0.6905555555555556,-0.009444444444444366,0.7222222222222222,0.2777777777777778
HP_74868bd3,2026-01-21,MATIN,SS_94628064,OP_003,TL_001,OVALE,L_OV_X,4,1800,1213,0.7,19,14,5,0.6738888888888889,-0.026111111111111085,0.7368421052631579,0.2631578947368421
HP_10fb9b3f,2026-01-21,MATIN,SS_94628064,OP_003,TL_001,OVALE,L_OV_X,5,1800,1298,0.7,16,11,5,0.7211111111111111,0.02111111111111119,0.6875,0.3125
HP_d5ef0260,2026-01-21,MATIN,SS_94628064,OP_003,TL_001,OVALE,L_OV_X,6,1800,1173,0.7,20,13,7,0.6516666666666666,-0.04833333333333334,0.65,0.35
HP_214100c0,2026-01-21,MATIN,SS_94628064,OP_003,TL_001,OVALE,L_OV_X,7,1800,1242,0.7,18,12,6,0.69,-0.010000000000000009,0.6666666666666666,0.3333333333333333
HP_6d8d0c85,2026-01-21,SOIR,SS_253fc1f4,OP_004,TL_002,CAMEMBERT,L_CAM_B,0,1080,1080,0.57,0,0,0,1.0,0.43000000000000005,0.0,0.0
HP_3047845d,2026-01-21,SOIR,SS_253fc1f4,OP_004,TL_002,CAMEMBERT,L_CAM_B,1,1080,633,0.57,24,17,7,0.5861111111111111,0.016111111111111187,0.7083333333333334,0.2916666666666667
HP_bb1464b3,2026-01-21,SOIR,SS_253fc1f4,OP_004,TL_002,CAMEMBERT,L_CAM_B,2,1080,621,0.57,25,17,8,0.575,0.0050000000000000044,0.68,0.32
HP_a4dc4768,2026-01-21,SOIR,SS_253fc1f4,OP_004,TL_002,CAMEMBERT,L_CAM_B,3,1080,669,0.57,22,16,6,0.6194444444444445,0.04944444444444451,0.7272727272727273,0.2727272727272727
HP_796837df,2026-01-21,SOIR,SS_253fc1f4,OP_004,TL_002,CAMEMBERT,L_CAM_B,4,1080,599,0.57,26,19,7,0.5546296296296296,-0.015370370370370368,0.7307692307692307,0.2692307692307692
HP_a9128d23,2026-01-21,SOIR,SS_253fc1f4,OP_004,TL_002,CAMEMBERT,L_CAM_B,5,1080,594,0.57,27,18,9,0.55,-0.019999999999999907,0.6666666666666666,0.3333333333333333
HP_7c7c1dde,2026-01-21,SOIR,SS_253fc1f4,OP_004,TL_002,CAMEMBERT,L_CAM_B,6,1080,639,0.57,24,16,8,0.5916666666666667,0.021666666666666723,0.6666666666666666,0.3333333333333333
HP_20aeda25,2026-01-21,SOIR,SS_253fc1f4,OP_004,TL_002,CAMEMBERT,L_CAM_B,7,1080,641,0.57,24,21,3,0.5935185185185186,0.023518518518518605,0.875,0.125
HP_d0997a63,2026-01-21,NUIT,SS_da0afed6,OP_005,TL_003,PORTION,L_PORTION_1,0,900,900,0.66,0,0,0,1.0,0.33999999999999997,0.0,0.0
HP_8342820b,2026-01-21,NUIT,SS_da0afed6,OP_005,TL_003,PORTION,L_PORTION_1,1,900,611,0.66,19,12,7,0.6788888888888889,0.018888888888888844,0.631578947368421,0.3684210526315789
HP_7f9a34b4,2026-01-21,NUIT,SS_da0afed6,OP_005,TL_003,PORTION,L_PORTION_1,2,900,615,0.66,19,12,7,0.6833333333333333,0.023333333333333317,0.631578947368421,0.3684210526315789
HP_caa6ed6d,2026-01-21,NUIT,SS_da0afed6,OP_005,TL_003,PORTION,L_PORTION_1,3,900,602,0.66,19,15,4,0.6688888888888889,0.008888888888888835,0.7894736842105263,0.21052631578947367
HP_53624b5f,2026-01-21,NUIT,SS_da0afed6,OP_005,TL_003,PORTION,L_PORTION_1,4,900,602,0.66,19,16,3,0.6688888888888889,0.008888888888888835,0.8421052631578947,0.15789473684210525
HP_523841d7,2026-01-21,NUIT,SS_da0afed6,OP_005,TL_003,PORTION,L_PORTION_1,5,900,623,0.66,18,12,6,0.6922222222222222,0.03222222222222215,0.6666666666666666,0.3333333333333333
HP_eac03075,2026-01-21,NUIT,SS_da0afed6,OP_005,TL_003,PORTION,L_PORTION_1,6,900,581,0.66,21,14,7,0.6455555555555555,-0.014444444444444482,0.6666666666666666,0.3333333333333333
HP_66f4cfb3,2026-01-21,NUIT,SS_da0afed6,OP_005,TL_003,PORTION,L_PORTION_1,7,900,612,0.66,19,12,7,0.68,0.020000000000000018,0.631578947368421,0.3684210526315789
HP_b6ffc7e6,2026-01-22,MATIN,SS_d03fe0f6,OP_006,TL_001,OVALE,L_OV_MS,0,1200,1200,0.6,0,0,0,1.0,0.4,0.0,0.0
HP_06f1097d,2026-01-22,MATIN,SS_d03fe0f6,OP_006,TL_001,OVALE,L_OV_MS,1,1200,665,0.6,26,16,10,0.5541666666666667,-0.04583333333333328,0.6153846153846154,0.38461538461538464
HP_48c7ba6b,2026-01-22,MATIN,SS_d03fe0f6,OP_006,TL_001,OVALE,L_OV_MS,2,1200,695,0.6,25,22,3,0.5791666666666667,-0.02083333333333326,0.88,0.12
HP_b93e992d,2026-01-22,MATIN,SS_d03fe0f6,OP_006,TL_001,OVALE,L_OV_MS,3,1200,736,0.6,23,18,5,0.6133333333333333,0.013333333333333308,0.782608695652174,0.21739130434782608
HP_0427654c,2026-01-22,MATIN,SS_d03fe0f6,OP_006,TL_001,OVALE,L_OV_MS,4,1200,672,0.6,26,15,11,0.56,-0.039999999999999925,0.5769230769230769,0.4230769230769231
HP_ae774205,2026-01-22,MATIN,SS_d03fe0f6,OP_006,TL_001,OVALE,L_OV_MS,5,1200,694,0.6,25,18,7,0.5783333333333334,-0.021666666666666612,0.72,0.28
HP_da1f8c2a,2026-01-22,MATIN,SS_d03fe0f6,OP_006,TL_001,OVALE,L_OV_MS,6,1200,700,0.6,25,22,3,0.5833333333333334,-0.016666666666666607,0.88,0.12
HP_1b62e816,2026-01-22,MATIN,SS_d03fe0f6,OP_006,TL_001,OVALE,L_OV_MS,7,1200,690,0.6,25,21,4,0.575,-0.025000000000000022,0.84,0.16
HP_134c9ac6,2026-01-22,SOIR,SS_987e8b09,OP_007,TL_002,CAMEMBERT,L_CAM_B,0,1080,1080,0.57,0,0,0,1.0,0.43000000000000005,0.0,0.0
HP_20e92cf8,2026-01-22,SOIR,SS_987e8b09,OP_007,TL_002,CAMEMBERT,L_CAM_B,1,1080,573,0.57,28,17,11,0.5305555555555556,-0.03944444444444439,0.6071428571428571,0.39285714285714285
HP_8f95f30f,2026-01-22,SOIR,SS_987e8b09,OP_007,TL_002,CAMEMBERT,L_CAM_B,2,1080,614,0.57,25,19,6,0.5685185185185185,-0.001481481481481417,0.76,0.24
HP_37b9ab98,2026-01-22,SOIR,SS_987e8b09,OP_007,TL_002,CAMEMBERT,L_CAM_B,3,1080,635,0.57,24,15,9,0.5879629629629629,0.01796296296296296,0.625,0.375
HP_dd0dc69d,2026-01-22,SOIR,SS_987e8b09,OP_007,TL_002,CAMEMBERT,L_CAM_B,4,1080,649,0.57,23,20,3,0.600925925925926,0.030925925925926023,0.8695652173913043,0.13043478260869565
HP_91de3afd,2026-01-22,SOIR,SS_987e8b09,OP_007,TL_002,CAMEMBERT,L_CAM_B,5,1080,570,0.57,28,18,10,0.5277777777777778,-0.04222222222222216,0.6428571428571429,0.35714285714285715
HP_3a13f0e5,2026-01-22,SOIR,SS_987e8b09,OP_007,TL_002,CAMEMBERT,L_CAM_B,6,1080,621,0.57,25,18,7,0.575,0.0050000000000000044,0.72,0.28
HP_405dc55c,2026-01-22,SOIR,SS_987e8b09,OP_007,TL_002,CAMEMBERT,L_CAM_B,7,1080,625,0.57,25,19,6,0.5787037037037037,0.008703703703703769,0.76,0.24
HP_4b4a53ea,2026-01-22,NUIT,SS_88b83d7e,OP_008,TL_003,PORTION,L_PORTION_2,0,960,960,0.68,0,0,0,1.0,0.31999999999999995,0.0,0.0
HP_14f3cc6e,2026-01-22,NUIT,SS_88b83d7e,OP_008,TL_003,PORTION,L_PORTION_2,1,960,679,0.68,17,12,5,0.7072916666666667,0.027291666666666603,0.7058823529411765,0.29411764705882354
HP_8184ed73,2026-01-22,NUIT,SS_88b83d7e,OP_008,TL_003,PORTION,L_PORTION_2,2,960,692,0.68,16,11,5,0.7208333333333333,0.04083333333333328,0.6875,0.3125
HP_ea9cf96d,2026-01-22,NUIT,SS_88b83d7e,OP_008,TL_003,PORTION,L_PORTION_2,3,960,661,0.68,18,13,5,0.6885416666666667,0.00854166666666667,0.7222222222222222,0.2777777777777778
HP_0626d744,2026-01-22,NUIT,SS_88b83d7e,OP_008,TL_003,PORTION,L_PORTION_2,4,960,659,0.68,18,11,7,0.6864583333333333,0.006458333333333233,0.6111111111111112,0.3888888888888889
HP_ada91ede,2026-01-22,NUIT,SS_88b83d7e,OP_008,TL_003,PORTION,L_PORTION_2,5,960,696,0.68,16,10,6,0.725,0.04499999999999993,0.625,0.375
HP_00edf259,2026-01-22,NUIT,SS_88b83d7e,OP_008,TL_003,PORTION,L_PORTION_2,6,960,678,0.68,17,13,4,0.70625,0.026249999999999996,0.7647058823529411,0.23529411764705882
HP_dd8140ad,2026-01-22,NUIT,SS_88b83d7e,OP_008,TL_003,PORTION,L_PORTION_2,7,960,630,0.68,20,12,8,0.65625,-0.02375000000000005,0.6,0.4
HP_78c863dc,2026-01-23,MATIN,SS_103cb708,OP_009,TL_001,OVALE,L_OV_Y,0,1560,1560,0.63,0,0,0,1.0,0.37,0.0,0.0
HP_48180ffc,2026-01-23,MATIN,SS_103cb708,OP_009,TL_001,OVALE,L_OV_Y,1,1560,942,0.63,23,17,6,0.6038461538461538,-0.026153846153846194,0.7391304347826086,0.2608695652173913
HP_ea153158,2026-01-23,MATIN,SS_103cb708,OP_009,TL_001,OVALE,L_OV_Y,2,1560,929,0.63,24,17,7,0.5955128205128205,-0.0344871794871795,0.7083333333333334,0.2916666666666667
HP_aa0dc3b0,2026-01-23,MATIN,SS_103cb708,OP_009,TL_001,OVALE,L_OV_Y,3,1560,1012,0.63,21,15,6,0.6487179487179487,0.01871794871794874,0.7142857142857143,0.2857142857142857
HP_467e2bc5,2026-01-23,MATIN,SS_103cb708,OP_009,TL_001,OVALE,L_OV_Y,4,1560,909,0.63,25,17,8,0.5826923076923077,-0.04730769230769227,0.68,0.32
HP_0f839213,2026-01-23,MATIN,SS_103cb708,OP_009,TL_001,OVALE,L_OV_Y,5,1560,948,0.63,23,19,4,0.6076923076923076,-0.02230769230769236,0.8260869565217391,0.17391304347826086
HP_adf80c75,2026-01-23,MATIN,SS_103cb708,OP_009,TL_001,OVALE,L_OV_Y,6,1560,915,0.63,24,16,8,0.5865384615384616,-0.04346153846153844,0.6666666666666666,0.3333333333333333
HP_63206e22,2026-01-23,MATIN,SS_103cb708,OP_009,TL_001,OVALE,L_OV_Y,7,1560,946,0.63,23,19,4,0.6064102564102564,-0.02358974358974364,0.8260869565217391,0.17391304347826086
HP_b17cbb25,2026-01-23,SOIR,SS_47e63470,OP_010,TL_002,CAMEMBERT,L_CAM_B,0,1080,1080,0.57,0,0,0,1.0,0.43000000000000005,0.0,0.0
HP_c1dffd63,2026-01-23,SOIR,SS_47e63470,OP_010,TL_002,CAMEMBERT,L_CAM_B,1,1080,625,0.57,25,21,4,0.5787037037037037,0.008703703703703769,0.84,0.16
HP_e5d42298,2026-01-23,SOIR,SS_47e63470,OP_010,TL_002,CAMEMBERT,L_CAM_B,2,1080,582,0.57,27,17,10,0.5388888888888889,-0.03111111111111109,0.6296296296296297,0.37037037037037035
HP_a74da367,2026-01-23,SOIR,SS_47e63470,OP_010,TL_002,CAMEMBERT,L_CAM_B,3,1080,585,0.57,27,17,10,0.5416666666666666,-0.02833333333333332,0.6296296296296297,0.37037037037037035
HP_d688f5cf,2026-01-23,SOIR,SS_47e63470,OP_010,TL_002,CAMEMBERT,L_CAM_B,4,1080,590,0.57,27,17,10,0.5462962962962963,-0.02370370370370367,0.6296296296296297,0.37037037037037035
HP_812060c4,2026-01-23,SOIR,SS_47e63470,OP_010,TL_002,CAMEMBERT,L_CAM_B,5,1080,568,0.57,28,23,5,0.5259259259259259,-0.04407407407407404,0.8214285714285714,0.17857142857142858
HP_b7334c64,2026-01-23,SOIR,SS_47e63470,OP_010,TL_002,CAMEMBERT,L_CAM_B,6,1080,625,0.57,25,21,4,0.5787037037037037,0.008703703703703769,0.84,0.16
HP_d7dda538,2026-01-23,SOIR,SS_47e63470,OP_010,TL_002,CAMEMBERT,L_CAM_B,7,1080,661,0.57,23,16,7,0.612037037037037,0.042037037037037095,0.6956521739130435,0.30434782608695654
HP_119c4b8d,2026-01-23,NUIT,SS_7499708a,OP_001,TL_003,PORTION,L_PORTION_1,0,900,900,0.66,0,0,0,1.0,0.33999999999999997,0.0,0.0
HP_ae47ffdb,2026-01-23,NUIT,SS_7499708a,OP_001,TL_003,PORTION,L_PORTION_1,1,900,591,0.66,20,13,7,0.6566666666666666,-0.0033333333333334103,0.65,0.35
HP_20de4008,2026-01-23,NUIT,SS_7499708a,OP_001,TL_003,PORTION,L_PORTION_1,2,900,585,0.66,21,14,7,0.65,-0.010000000000000009,0.6666666666666666,0.3333333333333333
HP_5348d3d7,2026-01-23,NUIT,SS_7499708a,OP_001,TL_003,PORTION,L_PORTION_1,3,900,597,0.66,20,14,6,0.6633333333333333,0.0033333333333332993,0.7,0.3
HP_496162b0,2026-01-23,NUIT,SS_7499708a,OP_001,TL_003,PORTION,L_PORTION_1,4,900,602,0.66,19,16,3,0.6688888888888889,0.008888888888888835,0.8421052631578947,0.15789473684210525
HP_f6a2af9b,2026-01-23,NUIT,SS_7499708a,OP_001,TL_003,PORTION,L_PORTION_1,5,900,615,0.66,19,14,5,0.6833333333333333,0.023333333333333317,0.7368421052631579,0.2631578947368421
HP_7b6117b2,2026-01-23,NUIT,SS_7499708a,OP_001,TL_003,PORTION,L_PORTION_1,6,900,551,0.66,23,15,8,0.6122222222222222,-0.04777777777777781,0.6521739130434783,0.34782608695652173
HP_fb6bfc8b,2026-01-23,NUIT,SS_7499708a,OP_001,TL_003,PORTION,L_PORTION_1,7,900,609,0.66,19,16,3,0.6766666666666666,0.016666666666666607,0.8421052631578947,0.15789473684210525
HP_fbf75c69,2026-01-24,SD,SS_272d375d,OP_002,TL_001,OVALE,L_OV_ES,0,1500,1500,0.65,0,0,0,1.0,0.35,0.0,0.0
HP_44fa3d38,2026-01-24,SD,SS_272d375d,OP_002,TL_001,OVALE,L_OV_ES,1,1500,988,0.65,20,12,8,0.6586666666666666,0.0086666666666666,0.6,0.4
HP_63fb4699,2026-01-24,SD,SS_272d375d,OP_002,TL_001,OVALE,L_OV_ES,2,1500,906,0.65,23,19,4,0.604,-0.04600000000000004,0.8260869565217391,0.17391304347826086
HP_b6ab766e,2026-01-24,SD,SS_272d375d,OP_002,TL_001,OVALE,L_OV_ES,3,1500,966,0.65,21,14,7,0.644,-0.006000000000000005,0.6666666666666666,0.3333333333333333
HP_989a5ce1,2026-01-25,SD,SS_f47adbe4,OP_003,TL_002,CAMEMBERT,L_CAM_B,0,1080,1080,0.57,0,0,0,1.0,0.43000000000000005,0.0,0.0
HP_42a45d23,2026-01-25,SD,SS_f47adbe4,OP_003,TL_002,CAMEMBERT,L_CAM_B,1,1080,649,0.57,23,20,3,0.600925925925926,0.030925925925926023,0.8695652173913043,0.13043478260869565
HP_551e1ccc,2026-01-25,SD,SS_f47adbe4,OP_003,TL_002,CAMEMBERT,L_CAM_B,2,1080,578,0.57,27,19,8,0.5351851851851852,-0.03481481481481474,0.7037037037037037,0.2962962962962963
HP_2673dd70,2026-01-25,SD,SS_f47adbe4,OP_003,TL_002,CAMEMBERT,L_CAM_B,3,1080,571,0.57,28,18,10,0.5287037037037037,-0.041296296296296275,0.6428571428571429,0.35714285714285715
HP_6dab508c,2026-01-26,MATIN,SS_9d5a1f4d,OP_004,TL_003,PORTION,L_PORTION_2,0,960,960,0.68,0,0,0,1.0,0.31999999999999995,0.0,0.0
HP_cd79171b,2026-01-26,MATIN,SS_9d5a1f4d,OP_004,TL_003,PORTION,L_PORTION_2,1,960,699,0.68,16,12,4,0.728125,0.04812499999999997,0.75,0.25
HP_92d3527c,2026-01-26,MATIN,SS_9d5a1f4d,OP_004,TL_003,PORTION,L_PORTION_2,2,960,656,0.68,19,13,6,0.6833333333333333,0.0033333333333332993,0.6842105263157895,0.3157894736842105
HP_b83549a9,2026-01-26,MATIN,SS_9d5a1f4d,OP_004,TL_003,PORTION,L_PORTION_2,3,960,622,0.68,21,14,7,0.6479166666666667,-0.03208333333333335,0.6666666666666666,0.3333333333333333
HP_512fc7f4,2026-01-26,MATIN,SS_9d5a1f4d,OP_004,TL_003,PORTION,L_PORTION_2,4,960,677,0.68,17,13,4,0.7052083333333333,0.025208333333333277,0.7647058823529411,0.23529411764705882
HP_39e07ba9,2026-01-26,MATIN,SS_9d5a1f4d,OP_004,TL_003,PORTION,L_PORTION_2,5,960,677,0.68,17,11,6,0.7052083333333333,0.025208333333333277,0.6470588235294118,0.35294117647058826
HP_382b77fb,2026-01-26,MATIN,SS_9d5a1f4d,OP_004,TL_003,PORTION,L_PORTION_2,6,960,657,0.68,18,15,3,0.684375,0.004374999999999907,0.8333333333333334,0.16666666666666666
HP_e37b04c1,2026-01-26,MATIN,SS_9d5a1f4d,OP_004,TL_003,PORTION,L_PORTION_2,7,960,646,0.68,19,15,4,0.6729166666666667,-0.00708333333333333,0.7894736842105263,0.21052631578947367
HP_fa33046f,2026-01-26,SOIR,SS_d10c540d,OP_005,TL_001,OVALE,L_OV_Z,0,1380,1380,0.58,0,0,0,1.0,0.42000000000000004,0.0,0.0
HP_f44e9f22,2026-01-26,SOIR,SS_d10c540d,OP_005,TL_001,OVALE,L_OV_Z,1,1380,748,0.58,27,24,3,0.5420289855072464,-0.03797101449275353,0.8888888888888888,0.1111111111111111
HP_5c4a9498,2026-01-26,SOIR,SS_d10c540d,OP_005,TL_001,OVALE,L_OV_Z,2,1380,815,0.58,24,16,8,0.5905797101449275,0.010579710144927534,0.6666666666666666,0.3333333333333333
HP_73ed3fcb,2026-01-26,SOIR,SS_d10c540d,OP_005,TL_001,OVALE,L_OV_Z,3,1380,753,0.58,27,20,7,0.5456521739130434,-0.03434782608695652,0.7407407407407407,0.25925925925925924
HP_ea5d55cd,2026-01-26,SOIR,SS_d10c540d,OP_005,TL_001,OVALE,L_OV_Z,4,1380,807,0.58,24,15,9,0.5847826086956521,0.0047826086956521685,0.625,0.375
HP_b19251fc,2026-01-26,SOIR,SS_d10c540d,OP_005,TL_001,OVALE,L_OV_Z,5,1380,868,0.58,22,19,3,0.6289855072463768,0.04898550724637685,0.8636363636363636,0.13636363636363635
HP_0581ae26,2026-01-26,SOIR,SS_d10c540d,OP_005,TL_001,OVALE,L_OV_Z,6,1380,795,0.58,25,15,10,0.5760869565217391,-0.003913043478260825,0.6,0.4
HP_0fc66d33,2026-01-26,SOIR,SS_d10c540d,OP_005,TL_001,OVALE,L_OV_Z,7,1380,846,0.58,23,17,6,0.6130434782608696,0.03304347826086962,0.7391304347826086,0.2608695652173913
HP_08cfae15,2026-01-26,NUIT,SS_aaffa3db,OP_006,TL_002,CAMEMBERT,L_CAM_B,0,1080,1080,0.57,0,0,0,1.0,0.43000000000000005,0.0,0.0
HP_d07a1898,2026-01-26,NUIT,SS_aaffa3db,OP_006,TL_002,CAMEMBERT,L_CAM_B,1,1080,638,0.57,24,18,6,0.5907407407407408,0.020740740740740837,0.75,0.25
HP_4084112d,2026-01-26,NUIT,SS_aaffa3db,OP_006,TL_002,CAMEMBERT,L_CAM_B,2,1080,591,0.57,27,22,5,0.5472222222222223,-0.022777777777777675,0.8148148148148148,0.18518518518518517
HP_f5cab43f,2026-01-26,NUIT,SS_aaffa3db,OP_006,TL_002,CAMEMBERT,L_CAM_B,3,1080,667,0.57,22,14,8,0.6175925925925926,0.04759259259259263,0.6363636363636364,0.36363636363636365
HP_97db093b,2026-01-26,NUIT,SS_aaffa3db,OP_006,TL_002,CAMEMBERT,L_CAM_B,4,1080,621,0.57,25,17,8,0.575,0.0050000000000000044,0.68,0.32
HP_c06a7172,2026-01-26,NUIT,SS_aaffa3db,OP_006,TL_002,CAMEMBERT,L_CAM_B,5,1080,661,0.57,23,17,6,0.612037037037037,0.042037037037037095,0.7391304347826086,0.2608695652173913
HP_07be8b18,2026-01-26,NUIT,SS_aaffa3db,OP_006,TL_002,CAMEMBERT,L_CAM_B,6,1080,656,0.57,23,19,4,0.6074074074074074,0.037407407407407445,0.8260869565217391,0.17391304347826086
HP_2119628a,2026-01-26,NUIT,SS_aaffa3db,OP_006,TL_002,CAMEMBERT,L_CAM_B,7,1080,591,0.57,27,22,5,0.5472222222222223,-0.022777777777777675,0.8148148148148148,0.18518518518518517
HP_ec5f70df,2026-01-27,MATIN,SS_57275fff,OP_007,TL_003,PORTION,L_PORTION_1,0,900,900,0.66,0,0,0,1.0,0.33999999999999997,0.0,0.0
HP_dae9e139,2026-01-27,MATIN,SS_57275fff,OP_007,TL_003,PORTION,L_PORTION_1,1,900,586,0.66,20,17,3,0.6511111111111111,-0.008888888888888946,0.85,0.15
HP_7415203c,2026-01-27,MATIN,SS_57275fff,OP_007,TL_003,PORTION,L_PORTION_1,2,900,594,0.66,20,16,4,0.66,0.0,0.8,0.2
HP_66636d59,2026-01-27,MATIN,SS_57275fff,OP_007,TL_003,PORTION,L_PORTION_1,3,900,574,0.66,21,14,7,0.6377777777777778,-0.022222222222222254,0.6666666666666666,0.3333333333333333
HP_627cbe5e,2026-01-27,MATIN,SS_57275fff,OP_007,TL_003,PORTION,L_PORTION_1,4,900,601,0.66,19,17,2,0.6677777777777778,0.007777777777777772,0.8947368421052632,0.10526315789473684
HP_3c9c9768,2026-01-27,MATIN,SS_57275fff,OP_007,TL_003,PORTION,L_PORTION_1,5,900,593,0.66,20,12,8,0.6588888888888889,-0.0011111111111111738,0.6,0.4
HP_68c9d6f5,2026-01-27,MATIN,SS_57275fff,OP_007,TL_003,PORTION,L_PORTION_1,6,900,597,0.66,20,14,6,0.6633333333333333,0.0033333333333332993,0.7,0.3
HP_572fe2c8,2026-01-27,MATIN,SS_57275fff,OP_007,TL_003,PORTION,L_PORTION_1,7,900,598,0.66,20,15,5,0.6644444444444444,0.004444444444444362,0.75,0.25
HP_356939d8,2026-01-27,SOIR,SS_7a52d542,OP_008,TL_001,OVALE,L_OV_X,0,1800,1800,0.7,0,0,0,1.0,0.30000000000000004,0.0,0.0
HP_941cebb4,2026-01-27,SOIR,SS_7a52d542,OP_008,TL_001,OVALE,L_OV_X,1,1800,1251,0.7,18,12,6,0.695,-0.0050000000000000044,0.6666666666666666,0.3333333333333333
HP_4bf2d7c4,2026-01-27,SOIR,SS_7a52d542,OP_008,TL_001,OVALE,L_OV_X,2,1800,1203,0.7,19,15,4,0.6683333333333333,-0.03166666666666662,0.7894736842105263,0.21052631578947367
HP_6e9295fb,2026-01-27,SOIR,SS_7a52d542,OP_008,TL_001,OVALE,L_OV_X,3,1800,1272,0.7,17,11,6,0.7066666666666667,0.00666666666666671,0.6470588235294118,0.35294117647058826
HP_f5e71c4a,2026-01-27,SOIR,SS_7a52d542,OP_008,TL_001,OVALE,L_OV_X,4,1800,1309,0.7,16,9,7,0.7272222222222222,0.02722222222222226,0.5625,0.4375
HP_fb0c1ac0,2026-01-27,SOIR,SS_7a52d542,OP_008,TL_001,OVALE,L_OV_X,5,1800,1304,0.7,16,12,4,0.7244444444444444,0.02444444444444449,0.75,0.25
HP_43eba77d,2026-01-27,SOIR,SS_7a52d542,OP_008,TL_001,OVALE,L_OV_X,6,1800,1316,0.7,16,11,5,0.7311111111111112,0.0311111111111112,0.6875,0.3125
HP_26003bdf,2026-01-27,SOIR,SS_7a52d542,OP_008,TL_001,OVALE,L_OV_X,7,1800,1289,0.7,17,14,3,0.7161111111111111,0.016111111111111187,0.8235294117647058,0.17647058823529413
HP_4cde1dcd,2026-01-27,NUIT,SS_76d46655,OP_009,TL_002,CAMEMBERT,L_CAM_B,0,1080,1080,0.57,0,0,0,1.0,0.43000000000000005,0.0,0.0
HP_80f604d2,2026-01-27,NUIT,SS_76d46655,OP_009,TL_002,CAMEMBERT,L_CAM_B,1,1080,667,0.57,22,16,6,0.6175925925925926,0.04759259259259263,0.7272727272727273,0.2727272727272727
HP_f42009f3,2026-01-27,NUIT,SS_76d46655,OP_009,TL_002,CAMEMBERT,L_CAM_B,2,1080,565,0.57,28,21,7,0.5231481481481481,-0.04685185185185181,0.75,0.25
HP_e1248b4f,2026-01-27,NUIT,SS_76d46655,OP_009,TL_002,CAMEMBERT,L_CAM_B,3,1080,625,0.57,25,21,4,0.5787037037037037,0.008703703703703769,0.84,0.16
HP_93336e0f,2026-01-27,NUIT,SS_76d46655,OP_009,TL_002,CAMEMBERT,L_CAM_B,4,1080,656,0.57,23,16,7,0.6074074074074074,0.037407407407407445,0.6956521739130435,0.30434782608695654
HP_e1603df7,2026-01-27,NUIT,SS_76d46655,OP_009,TL_002,CAMEMBERT,L_CAM_B,5,1080,618,0.57,25,18,7,0.5722222222222222,0.0022222222222222365,0.72,0.28
HP_bc32a808,2026-01-27,NUIT,SS_76d46655,OP_009,TL_002,CAMEMBERT,L_CAM_B,6,1080,639,0.57,24,17,7,0.5916666666666667,0.021666666666666723,0.7083333333333334,0.2916666666666667
HP_e61421f8,2026-01-27,NUIT,SS_76d46655,OP_009,TL_002,CAMEMBERT,L_CAM_B,7,1080,632,0.57,24,15,9,0.5851851851851851,0.01518518518518519,0.625,0.375
HP_35657665,2026-01-28,MATIN,SS_5dc8566e,OP_010,TL_003,PORTION,L_PORTION_2,0,960,960,0.68,0,0,0,1.0,0.31999999999999995,0.0,0.0
HP_0d308a09,2026-01-28,MATIN,SS_5dc8566e,OP_010,TL_003,PORTION,L_PORTION_2,1,960,649,0.68,19,16,3,0.6760416666666667,-0.003958333333333397,0.8421052631578947,0.15789473684210525
HP_a605ac76,2026-01-28,MATIN,SS_5dc8566e,OP_010,TL_003,PORTION,L_PORTION_2,2,960,637,0.68,20,16,4,0.6635416666666667,-0.016458333333333353,0.8,0.2
HP_059587ba,2026-01-28,MATIN,SS_5dc8566e,OP_010,TL_003,PORTION,L_PORTION_2,3,960,667,0.68,18,15,3,0.6947916666666667,0.014791666666666647,0.8333333333333334,0.16666666666666666
HP_aabd4102,2026-01-28,MATIN,SS_5dc8566e,OP_010,TL_003,PORTION,L_PORTION_2,4,960,686,0.68,17,14,3,0.7145833333333333,0.0345833333333333,0.8235294117647058,0.17647058823529413
HP_a947a68b,2026-01-28,MATIN,SS_5dc8566e,OP_010,TL_003,PORTION,L_PORTION_2,5,960,641,0.68,19,13,6,0.6677083333333333,-0.0122916666666667,0.6842105263157895,0.3157894736842105
HP_e7169cec,2026-01-28,MATIN,SS_5dc8566e,OP_010,TL_003,PORTION,L_PORTION_2,6,960,673,0.68,17,14,3,0.7010416666666667,0.021041666666666625,0.8235294117647058,0.17647058823529413
HP_81852c05,2026-01-28,MATIN,SS_5dc8566e,OP_010,TL_003,PORTION,L_PORTION_2,7,960,688,0.68,17,10,7,0.7166666666666667,0.036666666666666625,0.5882352941176471,0.4117647058823529
HP_32570e58,2026-01-28,SOIR,SS_6f57b04e,OP_001,TL_001,OVALE,L_OV_MS,0,1200,1200,0.6,0,0,0,1.0,0.4,0.0,0.0
HP_20e542da,2026-01-28,SOIR,SS_6f57b04e,OP_001,TL_001,OVALE,L_OV_MS,1,1200,668,0.6,26,20,6,0.5566666666666666,-0.043333333333333335,0.7692307692307693,0.23076923076923078
HP_17ed939e,2026-01-28,SOIR,SS_6f57b04e,OP_001,TL_001,OVALE,L_OV_MS,2,1200,770,0.6,21,18,3,0.6416666666666667,0.04166666666666674,0.8571428571428571,0.14285714285714285
HP_499a3cf0,2026-01-28,SOIR,SS_6f57b04e,OP_001,TL_001,OVALE,L_OV_MS,3,1200,749,0.6,22,16,6,0.6241666666666666,0.02416666666666667,0.7272727272727273,0.2727272727272727
HP_f9e8b281,2026-01-28,SOIR,SS_6f57b04e,OP_001,TL_001,OVALE,L_OV_MS,4,1200,671,0.6,26,20,6,0.5591666666666667,-0.04083333333333328,0.7692307692307693,0.23076923076923078
HP_fbeb0697,2026-01-28,SOIR,SS_6f57b04e,OP_001,TL_001,OVALE,L_OV_MS,5,1200,764,0.6,21,15,6,0.6366666666666667,0.036666666666666736,0.7142857142857143,0.2857142857142857
HP_6b7dc3d9,2026-01-28,SOIR,SS_6f57b04e,OP_001,TL_001,OVALE,L_OV_MS,6,1200,743,0.6,22,19,3,0.6191666666666666,0.019166666666666665,0.8636363636363636,0.13636363636363635
HP_76aebac9,2026-01-28,SOIR,SS_6f57b04e,OP_001,TL_001,OVALE,L_OV_MS,7,1200,665,0.6,26,21,5,0.5541666666666667,-0.04583333333333328,0.8076923076923077,0.19230769230769232
HP_7b60dd66,2026-01-28,NUIT,SS_cb4f1675,OP_002,TL_002,CAMEMBERT,L_CAM_B,0,1080,1080,0.57,0,0,0,1.0,0.43000000000000005,0.0,0.0
HP_4ac9e0ff,2026-01-28,NUIT,SS_cb4f1675,OP_002,TL_002,CAMEMBERT,L_CAM_B,1,1080,593,0.57,27,19,8,0.549074074074074,-0.020925925925925903,0.7037037037037037,0.2962962962962963
HP_d0f0f466,2026-01-28,NUIT,SS_cb4f1675,OP_002,TL_002,CAMEMBERT,L_CAM_B,2,1080,577,0.57,27,20,7,0.5342592592592592,-0.03574074074074074,0.7407407407407407,0.25925925925925924
HP_fb9d35f8,2026-01-28,NUIT,SS_cb4f1675,OP_002,TL_002,CAMEMBERT,L_CAM_B,3,1080,622,0.57,25,20,5,0.575925925925926,0.005925925925926001,0.8,0.2
HP_c51fc030,2026-01-28,NUIT,SS_cb4f1675,OP_002,TL_002,CAMEMBERT,L_CAM_B,4,1080,579,0.57,27,16,11,0.5361111111111111,-0.03388888888888886,0.5925925925925926,0.4074074074074074
HP_0dfc09d9,2026-01-28,NUIT,SS_cb4f1675,OP_002,TL_002,CAMEMBERT,L_CAM_B,5,1080,655,0.57,23,18,5,0.6064814814814815,0.03648148148148156,0.782608695652174,0.21739130434782608
HP_bbc7e09e,2026-01-28,NUIT,SS_cb4f1675,OP_002,TL_002,CAMEMBERT,L_CAM_B,6,1080,587,0.57,27,23,4,0.5435185185185185,-0.02648148148148144,0.8518518518518519,0.14814814814814814
HP_5ed73573,2026-01-28,NUIT,SS_cb4f1675,OP_002,TL_002,CAMEMBERT,L_CAM_B,7,1080,577,0.57,27,19,8,0.5342592592592592,-0.03574074074074074,0.7037037037037037,0.2962962962962963
HP_15b5297e,2026-01-29,MATIN,SS_293a02e8,OP_003,TL_003,PORTION,L_PORTION_1,0,900,900,0.66,0,0,0,1.0,0.33999999999999997,0.0,0.0
HP_ba1a488b,2026-01-29,MATIN,SS_293a02e8,OP_003,TL_003,PORTION,L_PORTION_1,1,900,571,0.66,21,14,7,0.6344444444444445,-0.025555555555555554,0.6666666666666666,0.3333333333333333
HP_fd87a06d,2026-01-29,MATIN,SS_293a02e8,OP_003,TL_003,PORTION,L_PORTION_1,2,900,549,0.66,23,19,4,0.61,-0.050000000000000044,0.8260869565217391,0.17391304347826086
HP_5dff7a93,2026-01-29,MATIN,SS_293a02e8,OP_003,TL_003,PORTION,L_PORTION_1,3,900,630,0.66,18,14,4,0.7,0.039999999999999925,0.7777777777777778,0.2222222222222222
HP_72914f42,2026-01-29,MATIN,SS_293a02e8,OP_003,TL_003,PORTION,L_PORTION_1,4,900,563,0.66,22,16,6,0.6255555555555555,-0.0344444444444445,0.7272727272727273,0.2727272727272727
HP_fd01972e,2026-01-29,MATIN,SS_293a02e8,OP_003,TL_003,PORTION,L_PORTION_1,5,900,580,0.66,21,16,5,0.6444444444444445,-0.015555555555555545,0.7619047619047619,0.23809523809523808
HP_9b30aaec,2026-01-29,MATIN,SS_293a02e8,OP_003,TL_003,PORTION,L_PORTION_1,6,900,606,0.66,19,13,6,0.6733333333333333,0.013333333333333308,0.6842105263157895,0.3157894736842105
HP_31aac814,2026-01-29,MATIN,SS_293a02e8,OP_003,TL_003,PORTION,L_PORTION_1,7,900,571,0.66,21,17,4,0.6344444444444445,-0.025555555555555554,0.8095238095238095,0.19047619047619047
HP_c8dba63e,2026-01-29,SOIR,SS_9936ae45,OP_004,TL_001,OVALE,L_OV_Y,0,1560,1560,0.63,0,0,0,1.0,0.37,0.0,0.0
HP_2cc65243,2026-01-29,SOIR,SS_9936ae45,OP_004,TL_001,OVALE,L_OV_Y,1,1560,935,0.63,24,17,7,0.5993589743589743,-0.030641025641025665,0.7083333333333334,0.2916666666666667
HP_3199fa83,2026-01-29,SOIR,SS_9936ae45,OP_004,TL_001,OVALE,L_OV_Y,2,1560,980,0.63,22,14,8,0.6282051282051282,-0.0017948717948718107,0.6363636363636364,0.36363636363636365
HP_40e3f96a,2026-01-29,SOIR,SS_9936ae45,OP_004,TL_001,OVALE,L_OV_Y,3,1560,994,0.63,21,16,5,0.6371794871794871,0.007179487179487132,0.7619047619047619,0.23809523809523808
HP_02d96e0f,2026-01-29,SOIR,SS_9936ae45,OP_004,TL_001,OVALE,L_OV_Y,4,1560,1059,0.63,19,13,6,0.6788461538461539,0.04884615384615387,0.6842105263157895,0.3157894736842105
HP_ca78e2a5,2026-01-29,SOIR,SS_9936ae45,OP_004,TL_001,OVALE,L_OV_Y,5,1560,1057,0.63,19,15,4,0.6775641025641026,0.047564102564102595,0.7894736842105263,0.21052631578947367
HP_1c703077,2026-01-29,SOIR,SS_9936ae45,OP_004,TL_001,OVALE,L_OV_Y,6,1560,947,0.63,23,17,6,0.607051282051282,-0.022948717948718,0.7391304347826086,0.2608695652173913
HP_fcf21da2,2026-01-29,SOIR,SS_9936ae45,OP_004,TL_001,OVALE,L_OV_Y,7,1560,1011,0.63,21,17,4,0.6480769230769231,0.0180769230769231,0.8095238095238095,0.19047619047619047
HP_46463e4b,2026-01-29,NUIT,SS_37c9e0d1,OP_005,TL_002,CAMEMBERT,L_CAM_B,0,1080,1080,0.57,0,0,0,1.0,0.43000000000000005,0.0,0.0
HP_37a7cc0a,2026-01-29,NUIT,SS_37c9e0d1,OP_005,TL_002,CAMEMBERT,L_CAM_B,1,1080,566,0.57,28,21,7,0.524074074074074,-0.045925925925925926,0.75,0.25
HP_87912a84,2026-01-29,NUIT,SS_37c9e0d1,OP_005,TL_002,CAMEMBERT,L_CAM_B,2,1080,615,0.57,25,21,4,0.5694444444444444,-0.0005555555555555314,0.84,0.16
HP_4f15f7a1,2026-01-29,NUIT,SS_37c9e0d1,OP_005,TL_002,CAMEMBERT,L_CAM_B,3,1080,592,0.57,27,22,5,0.5481481481481482,-0.02185185185185179,0.8148148148148148,0.18518518518518517
HP_3ec78938,2026-01-29,NUIT,SS_37c9e0d1,OP_005,TL_002,CAMEMBERT,L_CAM_B,4,1080,627,0.57,25,17,8,0.5805555555555556,0.010555555555555651,0.68,0.32
HP_35182cfd,2026-01-29,NUIT,SS_37c9e0d1,OP_005,TL_002,CAMEMBERT,L_CAM_B,5,1080,630,0.57,25,19,6,0.5833333333333334,0.01333333333333342,0.76,0.24
HP_0ede8187,2026-01-29,NUIT,SS_37c9e0d1,OP_005,TL_002,CAMEMBERT,L_CAM_B,6,1080,634,0.57,24,19,5,0.587037037037037,0.017037037037037073,0.7916666666666666,0.20833333333333334
HP_8834cf63,2026-01-29,NUIT,SS_37c9e0d1,OP_005,TL_002,CAMEMBERT,L_CAM_B,7,1080,632,0.57,24,20,4,0.5851851851851851,0.01518518518518519,0.8333333333333334,0.16666666666666666
HP_934502a4,2026-01-30,MATIN,SS_3e92f25a,OP_006,TL_003,PORTION,L_PORTION_2,0,960,960,0.68,0,0,0,1.0,0.31999999999999995,0.0,0.0
HP_2d052735,2026-01-30,MATIN,SS_3e92f25a,OP_006,TL_003,PORTION,L_PORTION_2,1,960,665,0.68,18,15,3,0.6927083333333334,0.012708333333333321,0.8333333333333334,0.16666666666666666
HP_f11dc8ef,2026-01-30,MATIN,SS_3e92f25a,OP_006,TL_003,PORTION,L_PORTION_2,2,960,666,0.68,18,12,6,0.69375,0.013749999999999929,0.6666666666666666,0.3333333333333333
HP_69fd25f5,2026-01-30,MATIN,SS_3e92f25a,OP_006,TL_003,PORTION,L_PORTION_2,3,960,647,0.68,19,14,5,0.6739583333333333,-0.006041666666666723,0.7368421052631579,0.2631578947368421
HP_2130e8aa,2026-01-30,MATIN,SS_3e92f25a,OP_006,TL_003,PORTION,L_PORTION_2,4,960,675,0.68,17,10,7,0.703125,0.02312499999999995,0.5882352941176471,0.4117647058823529
HP_aa0589b5,2026-01-30,MATIN,SS_3e92f25a,OP_006,TL_003,PORTION,L_PORTION_2,5,960,633,0.68,20,16,4,0.659375,-0.020625000000000004,0.8,0.2
HP_39d237e6,2026-01-30,MATIN,SS_3e92f25a,OP_006,TL_003,PORTION,L_PORTION_2,6,960,621,0.68,21,13,8,0.646875,-0.03312500000000007,0.6190476190476191,0.38095238095238093
HP_06a992bc,2026-01-30,MATIN,SS_3e92f25a,OP_006,TL_003,PORTION,L_PORTION_2,7,960,656,0.68,19,16,3,0.6833333333333333,0.0033333333333332993,0.8421052631578947,0.15789473684210525
HP_77b4fd72,2026-01-30,SOIR,SS_feefbf59,OP_007,TL_001,OVALE,L_OV_ES,0,1500,1500,0.65,0,0,0,1.0,0.35,0.0,0.0
HP_21430309,2026-01-30,SOIR,SS_feefbf59,OP_007,TL_001,OVALE,L_OV_ES,1,1500,979,0.65,20,17,3,0.6526666666666666,0.002666666666666595,0.85,0.15
HP_1f6b7f9c,2026-01-30,SOIR,SS_feefbf59,OP_007,TL_001,OVALE,L_OV_ES,2,1500,1024,0.65,19,12,7,0.6826666666666666,0.03266666666666662,0.631578947368421,0.3684210526315789
HP_eb19745e,2026-01-30,SOIR,SS_feefbf59,OP_007,TL_001,OVALE,L_OV_ES,3,1500,1023,0.65,19,14,5,0.682,0.03200000000000003,0.7368421052631579,0.2631578947368421
HP_39688525,2026-01-30,SOIR,SS_feefbf59,OP_007,TL_001,OVALE,L_OV_ES,4,1500,1020,0.65,19,15,4,0.68,0.030000000000000027,0.7894736842105263,0.21052631578947367
HP_efad18ec,2026-01-30,SOIR,SS_feefbf59,OP_007,TL_001,OVALE,L_OV_ES,5,1500,950,0.65,22,13,9,0.6333333333333333,-0.01666666666666672,0.5909090909090909,0.4090909090909091
HP_009f581f,2026-01-30,SOIR,SS_feefbf59,OP_007,TL_001,OVALE,L_OV_ES,6,1500,1044,0.65,18,11,7,0.696,0.04599999999999993,0.6111111111111112,0.3888888888888889
HP_945e0bea,2026-01-30,SOIR,SS_feefbf59,OP_007,TL_001,OVALE,L_OV_ES,7,1500,1044,0.65,18,15,3,0.696,0.04599999999999993,0.8333333333333334,0.16666666666666666
HP_71b6bfa6,2026-01-30,NUIT,SS_0f4181a7,OP_008,TL_002,CAMEMBERT,L_CAM_B,0,1080,1080,0.57,0,0,0,1.0,0.43000000000000005,0.0,0.0
HP_2ee2e9e0,2026-01-30,NUIT,SS_0f4181a7,OP_008,TL_002,CAMEMBERT,L_CAM_B,1,1080,639,0.57,24,21,3,0.5916666666666667,0.021666666666666723,0.875,0.125
HP_a1e7c486,2026-01-30,NUIT,SS_0f4181a7,OP_008,TL_002,CAMEMBERT,L_CAM_B,2,1080,666,0.57,23,19,4,0.6166666666666667,0.046666666666666745,0.8260869565217391,0.17391304347826086
HP_3dfac207,2026-01-30,NUIT,SS_0f4181a7,OP_008,TL_002,CAMEMBERT,L_CAM_B,3,1080,601,0.57,26,21,5,0.5564814814814815,-0.013518518518518485,0.8076923076923077,0.19230769230769232
HP_0e8b7c07,2026-01-30,NUIT,SS_0f4181a7,OP_008,TL_002,CAMEMBERT,L_CAM_B,4,1080,563,0.57,28,21,7,0.5212962962962963,-0.048703703703703694,0.75,0.25
HP_47b391d1,2026-01-30,NUIT,SS_0f4181a7,OP_008,TL_002,CAMEMBERT,L_CAM_B,5,1080,610,0.57,26,20,6,0.5648148148148148,-0.005185185185185182,0.7692307692307693,0.23076923076923078
HP_2e032f8d,2026-01-30,NUIT,SS_0f4181a7,OP_008,TL_002,CAMEMBERT,L_CAM_B,6,1080,634,0.57,24,18,6,0.587037037037037,0.017037037037037073,0.75,0.25
HP_79734541,2026-01-30,NUIT,SS_0f4181a7,OP_008,TL_002,CAMEMBERT,L_CAM_B,7,1080,650,0.57,23,20,3,0.6018518518518519,0.03185185185185191,0.8695652173913043,0.13043478260869565
HP_47510478,2026-01-31,SD,SS_3db174f7,OP_009,TL_003,PORTION,L_PORTION_1,0,900,900,0.66,0,0,0,1.0,0.33999999999999997,0.0,0.0
HP_787d9354,2026-01-31,SD,SS_3db174f7,OP_009,TL_003,PORTION,L_PORTION_1,1,900,558,0.66,22,14,8,0.62,-0.040000000000000036,0.6363636363636364,0.36363636363636365
HP_da1c07ba,2026-01-31,SD,SS_3db174f7,OP_009,TL_003,PORTION,L_PORTION_1,2,900,631,0.66,17,11,6,0.7011111111111111,0.0411111111111111,0.6470588235294118,0.35294117647058826
HP_2fa88f21,2026-01-31,SD,SS_3db174f7,OP_009,TL_003,PORTION,L_PORTION_1,3,900,630,0.66,18,12,6,0.7,0.039999999999999925,0.6666666666666666,0.3333333333333333
HP_21766100,2026-02-01,SD,SS_a416f3fa,OP_010,TL_001,OVALE,L_OV_Z,0,1380,1380,0.58,0,0,0,1.0,0.42000000000000004,0.0,0.0
HP_87d1e091,2026-02-01,SD,SS_a416f3fa,OP_010,TL_001,OVALE,L_OV_Z,1,1380,763,0.58,26,19,7,0.5528985507246377,-0.027101449275362288,0.7307692307692307,0.2692307692307692
HP_f882b01e,2026-02-01,SD,SS_a416f3fa,OP_010,TL_001,OVALE,L_OV_Z,2,1380,812,0.58,24,19,5,0.5884057971014492,0.008405797101449286,0.7916666666666666,0.20833333333333334
HP_313d88b6,2026-02-01,SD,SS_a416f3fa,OP_010,TL_001,OVALE,L_OV_Z,3,1380,846,0.58,23,18,5,0.6130434782608696,0.03304347826086962,0.782608695652174,0.21739130434782608
HP_3a13edd8,2026-02-02,MATIN,SS_7bf0967b,OP_001,TL_002,CAMEMBERT,L_CAM_B,0,1080,1080,0.57,0,0,0,1.0,0.43000000000000005,0.0,0.0
HP_30ebfc96,2026-02-02,MATIN,SS_7bf0967b,OP_001,TL_002,CAMEMBERT,L_CAM_B,1,1080,609,0.57,26,23,3,0.5638888888888889,-0.006111111111111067,0.8846153846153846,0.11538461538461539
HP_dba56743,2026-02-02,MATIN,SS_7bf0967b,OP_001,TL_002,CAMEMBERT,L_CAM_B,2,1080,653,0.57,23,14,9,0.6046296296296296,0.03462962962962968,0.6086956521739131,0.391304347826087
HP_c07f1cd7,2026-02-02,MATIN,SS_7bf0967b,OP_001,TL_002,CAMEMBERT,L_CAM_B,3,1080,635,0.57,24,18,6,0.5879629629629629,0.01796296296296296,0.75,0.25
HP_ac53ac20,2026-02-02,MATIN,SS_7bf0967b,OP_001,TL_002,CAMEMBERT,L_CAM_B,4,1080,667,0.57,22,15,7,0.6175925925925926,0.04759259259259263,0.6818181818181818,0.3181818181818182
HP_f3268b54,2026-02-02,MATIN,SS_7bf0967b,OP_001,TL_002,CAMEMBERT,L_CAM_B,5,1080,604,0.57,26,17,9,0.5592592592592592,-0.010740740740740717,0.6538461538461539,0.34615384615384615
HP_1ff739b1,2026-02-02,MATIN,SS_7bf0967b,OP_001,TL_002,CAMEMBERT,L_CAM_B,6,1080,574,0.57,28,23,5,0.5314814814814814,-0.03851851851851851,0.8214285714285714,0.17857142857142858
HP_36e2d2aa,2026-02-02,MATIN,SS_7bf0967b,OP_001,TL_002,CAMEMBERT,L_CAM_B,7,1080,610,0.57,26,20,6,0.5648148148148148,-0.005185185185185182,0.7692307692307693,0.23076923076923078
HP_1db4e146,2026-02-02,SOIR,SS_6697dfad,OP_002,TL_003,PORTION,L_PORTION_2,0,960,960,0.68,0,0,0,1.0,0.31999999999999995,0.0,0.0
HP_e867213f,2026-02-02,SOIR,SS_6697dfad,OP_002,TL_003,PORTION,L_PORTION_2,1,960,666,0.68,18,14,4,0.69375,0.013749999999999929,0.7777777777777778,0.2222222222222222
HP_26e85d25,2026-02-02,SOIR,SS_6697dfad,OP_002,TL_003,PORTION,L_PORTION_2,2,960,606,0.68,22,18,4,0.63125,-0.04875000000000007,0.8181818181818182,0.18181818181818182
HP_ba3cfebd,2026-02-02,SOIR,SS_6697dfad,OP_002,TL_003,PORTION,L_PORTION_2,3,960,628,0.68,20,12,8,0.6541666666666667,-0.025833333333333375,0.6,0.4
HP_d76424dc,2026-02-02,SOIR,SS_6697dfad,OP_002,TL_003,PORTION,L_PORTION_2,4,960,658,0.68,18,11,7,0.6854166666666667,0.005416666666666625,0.6111111111111112,0.3888888888888889
HP_9e962955,2026-02-02,SOIR,SS_6697dfad,OP_002,TL_003,PORTION,L_PORTION_2,5,960,678,0.68,17,11,6,0.70625,0.026249999999999996,0.6470588235294118,0.35294117647058826
HP_591b0d5b,2026-02-02,SOIR,SS_6697dfad,OP_002,TL_003,PORTION,L_PORTION_2,6,960,625,0.68,20,17,3,0.6510416666666666,-0.02895833333333342,0.85,0.15
HP_03bd5b39,2026-02-02,SOIR,SS_6697dfad,OP_002,TL_003,PORTION,L_PORTION_2,7,960,636,0.68,20,12,8,0.6625,-0.01750000000000007,0.6,0.4
HP_59dd518b,2026-02-02,NUIT,SS_f0769fed,OP_003,TL_001,OVALE,L_OV_X,0,1800,1800,0.7,0,0,0,1.0,0.30000000000000004,0.0,0.0
HP_32924a3b,2026-02-02,NUIT,SS_f0769fed,OP_003,TL_001,OVALE,L_OV_X,1,1800,1332,0.7,15,9,6,0.74,0.040000000000000036,0.6,0.4
HP_07f3f4dd,2026-02-02,NUIT,SS_f0769fed,OP_003,TL_001,OVALE,L_OV_X,2,1800,1324,0.7,15,9,6,0.7355555555555555,0.03555555555555556,0.6,0.4
HP_d97ba1b4,2026-02-02,NUIT,SS_f0769fed,OP_003,TL_001,OVALE,L_OV_X,3,1800,1193,0.7,20,13,7,0.6627777777777778,-0.03722222222222216,0.65,0.35
HP_dcd1b50e,2026-02-02,NUIT,SS_f0769fed,OP_003,TL_001,OVALE,L_OV_X,4,1800,1201,0.7,19,15,4,0.6672222222222223,-0.032777777777777684,0.7894736842105263,0.21052631578947367
HP_09ac56ce,2026-02-02,NUIT,SS_f0769fed,OP_003,TL_001,OVALE,L_OV_X,5,1800,1174,0.7,20,12,8,0.6522222222222223,-0.0477777777777777,0.6,0.4
HP_94e65687,2026-02-02,NUIT,SS_f0769fed,OP_003,TL_001,OVALE,L_OV_X,6,1800,1312,0.7,16,10,6,0.7288888888888889,0.028888888888888964,0.625,0.375
HP_a1f0c777,2026-02-02,NUIT,SS_f0769fed,OP_003,TL_001,OVALE,L_OV_X,7,1800,1228,0.7,19,12,7,0.6822222222222222,-0.01777777777777778,0.631578947368421,0.3684210526315789
HP_a2a6980f,2026-02-03,MATIN,SS_9f1904ac,OP_004,TL_002,CAMEMBERT,L_CAM_B,0,1080,1080,0.57,0,0,0,1.0,0.43000000000000005,0.0,0.0
HP_88d28b52,2026-02-03,MATIN,SS_9f1904ac,OP_004,TL_002,CAMEMBERT,L_CAM_B,1,1080,567,0.57,28,23,5,0.525,-0.04499999999999993,0.8214285714285714,0.17857142857142858
HP_ac182eeb,2026-02-03,MATIN,SS_9f1904ac,OP_004,TL_002,CAMEMBERT,L_CAM_B,2,1080,618,0.57,25,20,5,0.5722222222222222,0.0022222222222222365,0.8,0.2
HP_143431d6,2026-02-03,MATIN,SS_9f1904ac,OP_004,TL_002,CAMEMBERT,L_CAM_B,3,1080,613,0.57,25,20,5,0.5675925925925925,-0.0024074074074074137,0.8,0.2
HP_241cbc7e,2026-02-03,MATIN,SS_9f1904ac,OP_004,TL_002,CAMEMBERT,L_CAM_B,4,1080,617,0.57,25,15,10,0.5712962962962963,0.001296296296296351,0.6,0.4
HP_d4b771e1,2026-02-03,MATIN,SS_9f1904ac,OP_004,TL_002,CAMEMBERT,L_CAM_B,5,1080,616,0.57,25,22,3,0.5703703703703704,0.0003703703703704653,0.88,0.12
HP_70e9302b,2026-02-03,MATIN,SS_9f1904ac,OP_004,TL_002,CAMEMBERT,L_CAM_B,6,1080,566,0.57,28,23,5,0.524074074074074,-0.045925925925925926,0.8214285714285714,0.17857142857142858
HP_6ae2b423,2026-02-03,MATIN,SS_9f1904ac,OP_004,TL_002,CAMEMBERT,L_CAM_B,7,1080,655,0.57,23,17,6,0.6064814814814815,0.03648148148148156,0.7391304347826086,0.2608695652173913
HP_a4ea26fe,2026-02-03,SOIR,SS_937285c3,OP_005,TL_003,PORTION,L_PORTION_1,0,900,900,0.66,0,0,0,1.0,0.33999999999999997,0.0,0.0
HP_b42e67a6,2026-02-03,SOIR,SS_937285c3,OP_005,TL_003,PORTION,L_PORTION_1,1,900,590,0.66,20,17,3,0.6555555555555556,-0.004444444444444473,0.85,0.15
HP_eb02e9ee,2026-02-03,SOIR,SS_937285c3,OP_005,TL_003,PORTION,L_PORTION_1,2,900,554,0.66,23,17,6,0.6155555555555555,-0.04444444444444451,0.7391304347826086,0.2608695652173913
HP_99d45475,2026-02-03,SOIR,SS_937285c3,OP_005,TL_003,PORTION,L_PORTION_1,3,900,585,0.66,21,16,5,0.65,-0.010000000000000009,0.7619047619047619,0.23809523809523808
HP_1ee5ed11,2026-02-03,SOIR,SS_937285c3,OP_005,TL_003,PORTION,L_PORTION_1,4,900,593,0.66,20,17,3,0.6588888888888889,-0.0011111111111111738,0.85,0.15
HP_d2680e36,2026-02-03,SOIR,SS_937285c3,OP_005,TL_003,PORTION,L_PORTION_1,5,900,555,0.66,23,14,9,0.6166666666666667,-0.043333333333333335,0.6086956521739131,0.391304347826087
HP_4d82fd62,2026-02-03,SOIR,SS_937285c3,OP_005,TL_003,PORTION,L_PORTION_1,6,900,603,0.66,19,11,8,0.67,0.010000000000000009,0.5789473684210527,0.42105263157894735
HP_fe06f8af,2026-02-03,SOIR,SS_937285c3,OP_005,TL_003,PORTION,L_PORTION_1,7,900,573,0.66,21,16,5,0.6366666666666667,-0.023333333333333317,0.7619047619047619,0.23809523809523808
HP_0097f030,2026-02-03,NUIT,SS_bd1a2ded,OP_006,TL_001,OVALE,L_OV_MS,0,1200,1200,0.6,0,0,0,1.0,0.4,0.0,0.0
HP_3c967e31,2026-02-03,NUIT,SS_bd1a2ded,OP_006,TL_001,OVALE,L_OV_MS,1,1200,725,0.6,23,16,7,0.6041666666666666,0.004166666666666652,0.6956521739130435,0.30434782608695654
HP_16dc6a36,2026-02-03,NUIT,SS_bd1a2ded,OP_006,TL_001,OVALE,L_OV_MS,2,1200,779,0.6,21,15,6,0.6491666666666667,0.04916666666666669,0.7142857142857143,0.2857142857142857
HP_8ec590a3,2026-02-03,NUIT,SS_bd1a2ded,OP_006,TL_001,OVALE,L_OV_MS,3,1200,714,0.6,24,18,6,0.595,-0.0050000000000000044,0.75,0.25
HP_dbc43992,2026-02-03,NUIT,SS_bd1a2ded,OP_006,TL_001,OVALE,L_OV_MS,4,1200,671,0.6,26,21,5,0.5591666666666667,-0.04083333333333328,0.8076923076923077,0.19230769230769232
HP_9d37accd,2026-02-03,NUIT,SS_bd1a2ded,OP_006,TL_001,OVALE,L_OV_MS,5,1200,762,0.6,21,16,5,0.635,0.03500000000000003,0.7619047619047619,0.23809523809523808
HP_41a2ecac,2026-02-03,NUIT,SS_bd1a2ded,OP_006,TL_001,OVALE,L_OV_MS,6,1200,752,0.6,22,17,5,0.6266666666666667,0.026666666666666727,0.7727272727272727,0.22727272727272727
HP_d1aac923,2026-02-03,NUIT,SS_bd1a2ded,OP_006,TL_001,OVALE,L_OV_MS,7,1200,685,0.6,25,18,7,0.5708333333333333,-0.029166666666666674,0.72,0.28
HP_ef142306,2026-02-04,MATIN,SS_5e896566,OP_007,TL_002,CAMEMBERT,L_CAM_B,0,1080,1080,0.57,0,0,0,1.0,0.43000000000000005,0.0,0.0
HP_ca1aa673,2026-02-04,MATIN,SS_5e896566,OP_007,TL_002,CAMEMBERT,L_CAM_B,1,1080,586,0.57,27,18,9,0.5425925925925926,-0.027407407407407325,0.6666666666666666,0.3333333333333333
HP_40137680,2026-02-04,MATIN,SS_5e896566,OP_007,TL_002,CAMEMBERT,L_CAM_B,2,1080,610,0.57,26,18,8,0.5648148148148148,-0.005185185185185182,0.6923076923076923,0.3076923076923077
HP_eb1b21f6,2026-02-04,MATIN,SS_5e896566,OP_007,TL_002,CAMEMBERT,L_CAM_B,3,1080,571,0.57,28,20,8,0.5287037037037037,-0.041296296296296275,0.7142857142857143,0.2857142857142857
HP_18fa9443,2026-02-04,MATIN,SS_5e896566,OP_007,TL_002,CAMEMBERT,L_CAM_B,4,1080,633,0.57,24,17,7,0.5861111111111111,0.016111111111111187,0.7083333333333334,0.2916666666666667
HP_2a104a76,2026-02-04,MATIN,SS_5e896566,OP_007,TL_002,CAMEMBERT,L_CAM_B,5,1080,578,0.57,27,23,4,0.5351851851851852,-0.03481481481481474,0.8518518518518519,0.14814814814814814
HP_f11ff3b0,2026-02-04,MATIN,SS_5e896566,OP_007,TL_002,CAMEMBERT,L_CAM_B,6,1080,568,0.57,28,23,5,0.5259259259259259,-0.04407407407407404,0.8214285714285714,0.17857142857142858
HP_298fbe54,2026-02-04,MATIN,SS_5e896566,OP_007,TL_002,CAMEMBERT,L_CAM_B,7,1080,571,0.57,28,17,11,0.5287037037037037,-0.041296296296296275,0.6071428571428571,0.39285714285714285
HP_210aaf85,2026-02-04,SOIR,SS_63f8a809,OP_008,TL_003,PORTION,L_PORTION_2,0,960,960,0.68,0,0,0,1.0,0.31999999999999995,0.0,0.0
HP_dac84240,2026-02-04,SOIR,SS_63f8a809,OP_008,TL_003,PORTION,L_PORTION_2,1,960,675,0.68,17,14,3,0.703125,0.02312499999999995,0.8235294117647058,0.17647058823529413
HP_c814de07,2026-02-04,SOIR,SS_63f8a809,OP_008,TL_003,PORTION,L_PORTION_2,2,960,658,0.68,18,13,5,0.6854166666666667,0.005416666666666625,0.7222222222222222,0.2777777777777778
HP_7cce4d10,2026-02-04,SOIR,SS_63f8a809,OP_008,TL_003,PORTION,L_PORTION_2,3,960,658,0.68,18,12,6,0.6854166666666667,0.005416666666666625,0.6666666666666666,0.3333333333333333
HP_6f69424c,2026-02-04,SOIR,SS_63f8a809,OP_008,TL_003,PORTION,L_PORTION_2,4,960,616,0.68,21,14,7,0.6416666666666667,-0.03833333333333333,0.6666666666666666,0.3333333333333333
HP_efca918a,2026-02-04,SOIR,SS_63f8a809,OP_008,TL_003,PORTION,L_PORTION_2,5,960,668,0.68,18,14,4,0.6958333333333333,0.015833333333333255,0.7777777777777778,0.2222222222222222
HP_4bd9463c,2026-02-04,SOIR,SS_63f8a809,OP_008,TL_003,PORTION,L_PORTION_2,6,960,688,0.68,17,13,4,0.7166666666666667,0.036666666666666625,0.7647058823529411,0.23529411764705882
HP_b62bb1b4,2026-02-04,SOIR,SS_63f8a809,OP_008,TL_003,PORTION,L_PORTION_2,7,960,697,0.68,16,12,4,0.7260416666666667,0.04604166666666665,0.75,0.25
HP_6cfe66ab,2026-02-04,NUIT,SS_d14bb951,OP_009,TL_001,OVALE,L_OV_Y,0,1560,1560,0.63,0,0,0,1.0,0.37,0.0,0.0
HP_4a1732b1,2026-02-04,NUIT,SS_d14bb951,OP_009,TL_001,OVALE,L_OV_Y,1,1560,959,0.63,23,17,6,0.6147435897435898,-0.015256410256410224,0.7391304347826086,0.2608695652173913
HP_9f6af312,2026-02-04,NUIT,SS_d14bb951,OP_009,TL_001,OVALE,L_OV_Y,2,1560,937,0.63,23,18,5,0.6006410256410256,-0.029358974358974388,0.782608695652174,0.21739130434782608
HP_07add7e0,2026-02-04,NUIT,SS_d14bb951,OP_009,TL_001,OVALE,L_OV_Y,3,1560,939,0.63,23,14,9,0.6019230769230769,-0.02807692307692311,0.6086956521739131,0.391304347826087
HP_84e5299c,2026-02-04,NUIT,SS_d14bb951,OP_009,TL_001,OVALE,L_OV_Y,4,1560,1036,0.63,20,14,6,0.6641025641025641,0.03410256410256407,0.7,0.3
HP_1e24c61a,2026-02-04,NUIT,SS_d14bb951,OP_009,TL_001,OVALE,L_OV_Y,5,1560,1023,0.63,20,15,5,0.6557692307692308,0.025769230769230766,0.75,0.25
HP_91f7dab8,2026-02-04,NUIT,SS_d14bb951,OP_009,TL_001,OVALE,L_OV_Y,6,1560,1030,0.63,20,17,3,0.6602564102564102,0.030256410256410238,0.85,0.15
HP_8eac28ea,2026-02-04,NUIT,SS_d14bb951,OP_009,TL_001,OVALE,L_OV_Y,7,1560,1056,0.63,19,16,3,0.676923076923077,0.046923076923076956,0.8421052631578947,0.15789473684210525
HP_e9972456,2026-02-05,MATIN,SS_576ab38a,OP_010,TL_002,CAMEMBERT,L_CAM_B,0,1080,1080,0.57,0,0,0,1.0,0.43000000000000005,0.0,0.0
HP_a87eba57,2026-02-05,MATIN,SS_576ab38a,OP_010,TL_002,CAMEMBERT,L_CAM_B,1,1080,627,0.57,25,19,6,0.5805555555555556,0.010555555555555651,0.76,0.24
HP_c5c018d5,2026-02-05,MATIN,SS_576ab38a,OP_010,TL_002,CAMEMBERT,L_CAM_B,2,1080,564,0.57,28,24,4,0.5222222222222223,-0.0477777777777777,0.8571428571428571,0.14285714285714285
HP_58b83817,2026-02-05,MATIN,SS_576ab38a,OP_010,TL_002,CAMEMBERT,L_CAM_B,3,1080,651,0.57,23,15,8,0.6027777777777777,0.032777777777777795,0.6521739130434783,0.34782608695652173
HP_8e128833,2026-02-05,MATIN,SS_576ab38a,OP_010,TL_002,CAMEMBERT,L_CAM_B,4,1080,581,0.57,27,21,6,0.537962962962963,-0.032037037037036975,0.7777777777777778,0.2222222222222222
HP_9b76acf0,2026-02-05,MATIN,SS_576ab38a,OP_010,TL_002,CAMEMBERT,L_CAM_B,5,1080,594,0.57,27,18,9,0.55,-0.019999999999999907,0.6666666666666666,0.3333333333333333
HP_4d04864f,2026-02-05,MATIN,SS_576ab38a,OP_010,TL_002,CAMEMBERT,L_CAM_B,6,1080,562,0.57,28,24,4,0.5203703703703704,-0.04962962962962958,0.8571428571428571,0.14285714285714285
HP_2206806a,2026-02-05,MATIN,SS_576ab38a,OP_010,TL_002,CAMEMBERT,L_CAM_B,7,1080,622,0.57,25,18,7,0.575925925925926,0.005925925925926001,0.72,0.28
HP_e8c0b592,2026-02-05,SOIR,SS_02192c59,OP_001,TL_003,PORTION,L_PORTION_1,0,900,900,0.66,0,0,0,1.0,0.33999999999999997,0.0,0.0
HP_e47333f3,2026-02-05,SOIR,SS_02192c59,OP_001,TL_003,PORTION,L_PORTION_1,1,900,561,0.66,22,17,5,0.6233333333333333,-0.036666666666666736,0.7727272727272727,0.22727272727272727
HP_0b9d40c7,2026-02-05,SOIR,SS_02192c59,OP_001,TL_003,PORTION,L_PORTION_1,2,900,551,0.66,23,18,5,0.6122222222222222,-0.04777777777777781,0.782608695652174,0.21739130434782608
HP_9e75f771,2026-02-05,SOIR,SS_02192c59,OP_001,TL_003,PORTION,L_PORTION_1,3,900,568,0.66,22,15,7,0.6311111111111111,-0.028888888888888964,0.6818181818181818,0.3181818181818182
HP_626b0eee,2026-02-05,SOIR,SS_02192c59,OP_001,TL_003,PORTION,L_PORTION_1,4,900,579,0.66,21,14,7,0.6433333333333333,-0.01666666666666672,0.6666666666666666,0.3333333333333333
HP_c52a56ec,2026-02-05,SOIR,SS_02192c59,OP_001,TL_003,PORTION,L_PORTION_1,5,900,613,0.66,19,15,4,0.6811111111111111,0.02111111111111108,0.7894736842105263,0.21052631578947367
HP_bebb811b,2026-02-05,SOIR,SS_02192c59,OP_001,TL_003,PORTION,L_PORTION_1,6,900,600,0.66,20,12,8,0.6666666666666666,0.006666666666666599,0.6,0.4
HP_9626e95a,2026-02-05,SOIR,SS_02192c59,OP_001,TL_003,PORTION,L_PORTION_1,7,900,553,0.66,23,14,9,0.6144444444444445,-0.04555555555555557,0.6086956521739131,0.391304347826087
HP_fbce5fd8,2026-02-05,NUIT,SS_073eedda,OP_002,TL_001,OVALE,L_OV_ES,0,1500,1500,0.65,0,0,0,1.0,0.35,0.0,0.0
HP_ec52073e,2026-02-05,NUIT,SS_073eedda,OP_002,TL_001,OVALE,L_OV_ES,1,1500,992,0.65,20,16,4,0.6613333333333333,0.011333333333333306,0.8,0.2
HP_17198733,2026-02-05,NUIT,SS_073eedda,OP_002,TL_001,OVALE,L_OV_ES,2,1500,940,0.65,22,17,5,0.6266666666666667,-0.023333333333333317,0.7727272727272727,0.22727272727272727
HP_e40b4d61,2026-02-05,NUIT,SS_073eedda,OP_002,TL_001,OVALE,L_OV_ES,3,1500,972,0.65,21,15,6,0.648,-0.0020000000000000018,0.7142857142857143,0.2857142857142857
HP_58bc10c8,2026-02-05,NUIT,SS_073eedda,OP_002,TL_001,OVALE,L_OV_ES,4,1500,940,0.65,22,18,4,0.6266666666666667,-0.023333333333333317,0.8181818181818182,0.18181818181818182
HP_eeb9f5fd,2026-02-05,NUIT,SS_073eedda,OP_002,TL_001,OVALE,L_OV_ES,5,1500,917,0.65,23,16,7,0.6113333333333333,-0.03866666666666674,0.6956521739130435,0.30434782608695654
HP_7c51c4e2,2026-02-05,NUIT,SS_073eedda,OP_002,TL_001,OVALE,L_OV_ES,6,1500,942,0.65,22,17,5,0.628,-0.02200000000000002,0.7727272727272727,0.22727272727272727
HP_d33594f8,2026-02-05,NUIT,SS_073eedda,OP_002,TL_001,OVALE,L_OV_ES,7,1500,972,0.65,21,16,5,0.648,-0.0020000000000000018,0.7619047619047619,0.23809523809523808
HP_38f6b6b1,2026-02-06,MATIN,SS_9524e6b5,OP_003,TL_002,CAMEMBERT,L_CAM_B,0,1080,1080,0.57,0,0,0,1.0,0.43000000000000005,0.0,0.0
HP_33f703fa,2026-02-06,MATIN,SS_9524e6b5,OP_003,TL_002,CAMEMBERT,L_CAM_B,1,1080,566,0.57,28,20,8,0.524074074074074,-0.045925925925925926,0.7142857142857143,0.2857142857142857
HP_c2454b3b,2026-02-06,MATIN,SS_9524e6b5,OP_003,TL_002,CAMEMBERT,L_CAM_B,2,1080,626,0.57,25,15,10,0.5796296296296296,0.009629629629629655,0.6,0.4
HP_737d0bef,2026-02-06,MATIN,SS_9524e6b5,OP_003,TL_002,CAMEMBERT,L_CAM_B,3,1080,594,0.57,27,17,10,0.55,-0.019999999999999907,0.6296296296296297,0.37037037037037035
HP_817304c7,2026-02-06,MATIN,SS_9524e6b5,OP_003,TL_002,CAMEMBERT,L_CAM_B,4,1080,576,0.57,28,18,10,0.5333333333333333,-0.036666666666666625,0.6428571428571429,0.35714285714285715
HP_425c6a9d,2026-02-06,MATIN,SS_9524e6b5,OP_003,TL_002,CAMEMBERT,L_CAM_B,5,1080,597,0.57,26,15,11,0.5527777777777778,-0.01722222222222214,0.5769230769230769,0.4230769230769231
HP_feadc55e,2026-02-06,MATIN,SS_9524e6b5,OP_003,TL_002,CAMEMBERT,L_CAM_B,6,1080,642,0.57,24,15,9,0.5944444444444444,0.02444444444444449,0.625,0.375
HP_3793042b,2026-02-06,MATIN,SS_9524e6b5,OP_003,TL_002,CAMEMBERT,L_CAM_B,7,1080,602,0.57,26,21,5,0.5574074074074075,-0.012592592592592489,0.8076923076923077,0.19230769230769232
HP_7e985214,2026-02-06,SOIR,SS_5560746e,OP_004,TL_003,PORTION,L_PORTION_2,0,960,960,0.68,0,0,0,1.0,0.31999999999999995,0.0,0.0
HP_fba73087,2026-02-06,SOIR,SS_5560746e,OP_004,TL_003,PORTION,L_PORTION_2,1,960,652,0.68,19,16,3,0.6791666666666667,-0.0008333333333333526,0.8421052631578947,0.15789473684210525
HP_5b7765af,2026-02-06,SOIR,SS_5560746e,OP_004,TL_003,PORTION,L_PORTION_2,2,960,682,0.68,17,10,7,0.7104166666666667,0.030416666666666647,0.5882352941176471,0.4117647058823529
HP_91df4ccf,2026-02-06,SOIR,SS_5560746e,OP_004,TL_003,PORTION,L_PORTION_2,3,960,687,0.68,17,10,7,0.715625,0.03562499999999991,0.5882352941176471,0.4117647058823529
HP_26589915,2026-02-06,SOIR,SS_5560746e,OP_004,TL_003,PORTION,L_PORTION_2,4,960,606,0.68,22,19,3,0.63125,-0.04875000000000007,0.8636363636363636,0.13636363636363635
HP_c9d5c62c,2026-02-06,SOIR,SS_5560746e,OP_004,TL_003,PORTION,L_PORTION_2,5,960,687,0.68,17,13,4,0.715625,0.03562499999999991,0.7647058823529411,0.23529411764705882
HP_4f1d43da,2026-02-06,SOIR,SS_5560746e,OP_004,TL_003,PORTION,L_PORTION_2,6,960,659,0.68,18,14,4,0.6864583333333333,0.006458333333333233,0.7777777777777778,0.2222222222222222
HP_a2dd205a,2026-02-06,SOIR,SS_5560746e,OP_004,TL_003,PORTION,L_PORTION_2,7,960,644,0.68,19,12,7,0.6708333333333333,-0.009166666666666767,0.631578947368421,0.3684210526315789
HP_427c1d6c,2026-02-06,NUIT,SS_debee495,OP_005,TL_001,OVALE,L_OV_Z,0,1380,1380,0.58,0,0,0,1.0,0.42000000000000004,0.0,0.0
HP_04151786,2026-02-06,NUIT,SS_debee495,OP_005,TL_001,OVALE,L_OV_Z,1,1380,734,0.58,28,19,9,0.5318840579710145,-0.0481159420289855,0.6785714285714286,0.32142857142857145
HP_0d1496a9,2026-02-06,NUIT,SS_debee495,OP_005,TL_001,OVALE,L_OV_Z,2,1380,841,0.58,23,18,5,0.6094202898550725,0.0294202898550725,0.782608695652174,0.21739130434782608
HP_5ea4f665,2026-02-06,NUIT,SS_debee495,OP_005,TL_001,OVALE,L_OV_Z,3,1380,846,0.58,23,20,3,0.6130434782608696,0.03304347826086962,0.8695652173913043,0.13043478260869565
HP_fbdb0058,2026-02-06,NUIT,SS_debee495,OP_005,TL_001,OVALE,L_OV_Z,4,1380,743,0.58,27,23,4,0.5384057971014493,-0.04159420289855065,0.8518518518518519,0.14814814814814814
HP_4ab284cc,2026-02-06,NUIT,SS_debee495,OP_005,TL_001,OVALE,L_OV_Z,5,1380,764,0.58,26,20,6,0.553623188405797,-0.02637681159420291,0.7692307692307693,0.23076923076923078
HP_de942c4b,2026-02-06,NUIT,SS_debee495,OP_005,TL_001,OVALE,L_OV_Z,6,1380,803,0.58,25,17,8,0.5818840579710145,0.001884057971014541,0.68,0.32
HP_4e51806e,2026-02-06,NUIT,SS_debee495,OP_005,TL_001,OVALE,L_OV_Z,7,1380,774,0.58,26,18,8,0.5608695652173913,-0.019130434782608674,0.6923076923076923,0.3076923076923077
HP_3feee893,2026-02-07,SD,SS_e523ddfd,OP_006,TL_002,CAMEMBERT,L_CAM_B,0,1080,1080,0.57,0,0,0,1.0,0.43000000000000005,0.0,0.0
HP_21692f0b,2026-02-07,SD,SS_e523ddfd,OP_006,TL_002,CAMEMBERT,L_CAM_B,1,1080,597,0.57,26,16,10,0.5527777777777778,-0.01722222222222214,0.6153846153846154,0.38461538461538464
HP_8c754070,2026-02-07,SD,SS_e523ddfd,OP_006,TL_002,CAMEMBERT,L_CAM_B,2,1080,618,0.57,25,16,9,0.5722222222222222,0.0022222222222222365,0.64,0.36
HP_9772a2f9,2026-02-07,SD,SS_e523ddfd,OP_006,TL_002,CAMEMBERT,L_CAM_B,3,1080,572,0.57,28,18,10,0.5296296296296297,-0.04037037037037028,0.6428571428571429,0.35714285714285715
HP_b61d6b5a,2026-02-08,SD,SS_e8843d3a,OP_007,TL_003,PORTION,L_PORTION_1,0,900,900,0.66,0,0,0,1.0,0.33999999999999997,0.0,0.0
HP_bcbe5556,2026-02-08,SD,SS_e8843d3a,OP_007,TL_003,PORTION,L_PORTION_1,1,900,616,0.66,18,14,4,0.6844444444444444,0.02444444444444438,0.7777777777777778,0.2222222222222222
HP_3c2e527b,2026-02-08,SD,SS_e8843d3a,OP_007,TL_003,PORTION,L_PORTION_1,2,900,577,0.66,21,15,6,0.6411111111111111,-0.018888888888888955,0.7142857142857143,0.2857142857142857
HP_3dfdd97c,2026-02-08,SD,SS_e8843d3a,OP_007,TL_003,PORTION,L_PORTION_1,3,900,620,0.66,18,13,5,0.6888888888888889,0.028888888888888853,0.7222222222222222,0.2777777777777778
HP_1f8a0d8f,2026-02-09,MATIN,SS_c37fbf03,OP_008,TL_001,OVALE,L_OV_X,0,1800,1800,0.7,0,0,0,1.0,0.30000000000000004,0.0,0.0
HP_028d34b1,2026-02-09,MATIN,SS_c37fbf03,OP_008,TL_001,OVALE,L_OV_X,1,1800,1176,0.7,20,14,6,0.6533333333333333,-0.046666666666666634,0.7,0.3
HP_fdabeb3d,2026-02-09,MATIN,SS_c37fbf03,OP_008,TL_001,OVALE,L_OV_X,2,1800,1221,0.7,19,15,4,0.6783333333333333,-0.021666666666666612,0.7894736842105263,0.21052631578947367
HP_6310e67b,2026-02-09,MATIN,SS_c37fbf03,OP_008,TL_001,OVALE,L_OV_X,3,1800,1345,0.7,15,9,6,0.7472222222222222,0.047222222222222276,0.6,0.4
HP_886116d0,2026-02-09,MATIN,SS_c37fbf03,OP_008,TL_001,OVALE,L_OV_X,4,1800,1276,0.7,17,12,5,0.7088888888888889,0.008888888888888946,0.7058823529411765,0.29411764705882354
HP_966808a9,2026-02-09,MATIN,SS_c37fbf03,OP_008,TL_001,OVALE,L_OV_X,5,1800,1274,0.7,17,15,2,0.7077777777777777,0.007777777777777772,0.8823529411764706,0.11764705882352941
HP_1dbdff16,2026-02-09,MATIN,SS_c37fbf03,OP_008,TL_001,OVALE,L_OV_X,6,1800,1303,0.7,16,9,7,0.7238888888888889,0.02388888888888896,0.5625,0.4375
HP_b06e8566,2026-02-09,MATIN,SS_c37fbf03,OP_008,TL_001,OVALE,L_OV_X,7,1800,1333,0.7,15,11,4,0.7405555555555555,0.04055555555555557,0.7333333333333333,0.26666666666666666
HP_d75f166d,2026-02-09,SOIR,SS_f9dea5d4,OP_009,TL_002,CAMEMBERT,L_CAM_B,0,1080,1080,0.57,0,0,0,1.0,0.43000000000000005,0.0,0.0
HP_050b35c2,2026-02-09,SOIR,SS_f9dea5d4,OP_009,TL_002,CAMEMBERT,L_CAM_B,1,1080,581,0.57,27,21,6,0.537962962962963,-0.032037037037036975,0.7777777777777778,0.2222222222222222
HP_6e35ebf6,2026-02-09,SOIR,SS_f9dea5d4,OP_009,TL_002,CAMEMBERT,L_CAM_B,2,1080,615,0.57,25,22,3,0.5694444444444444,-0.0005555555555555314,0.88,0.12
HP_e630f373,2026-02-09,SOIR,SS_f9dea5d4,OP_009,TL_002,CAMEMBERT,L_CAM_B,3,1080,610,0.57,26,21,5,0.5648148148148148,-0.005185185185185182,0.8076923076923077,0.19230769230769232
HP_1dc6ed5a,2026-02-09,SOIR,SS_f9dea5d4,OP_009,TL_002,CAMEMBERT,L_CAM_B,4,1080,652,0.57,23,20,3,0.6037037037037037,0.03370370370370379,0.8695652173913043,0.13043478260869565
HP_fb5c41b0,2026-02-09,SOIR,SS_f9dea5d4,OP_009,TL_002,CAMEMBERT,L_CAM_B,5,1080,570,0.57,28,22,6,0.5277777777777778,-0.04222222222222216,0.7857142857142857,0.21428571428571427
HP_c8955154,2026-02-09,SOIR,SS_f9dea5d4,OP_009,TL_002,CAMEMBERT,L_CAM_B,6,1080,565,0.57,28,22,6,0.5231481481481481,-0.04685185185185181,0.7857142857142857,0.21428571428571427
HP_eeff6e8a,2026-02-09,SOIR,SS_f9dea5d4,OP_009,TL_002,CAMEMBERT,L_CAM_B,7,1080,668,0.57,22,16,6,0.6185185185185185,0.048518518518518516,0.7272727272727273,0.2727272727272727
HP_7facb6b9,2026-02-09,NUIT,SS_6d550be1,OP_010,TL_003,PORTION,L_PORTION_2,0,960,960,0.68,0,0,0,1.0,0.31999999999999995,0.0,0.0
HP_41cae31c,2026-02-09,NUIT,SS_6d550be1,OP_010,TL_003,PORTION,L_PORTION_2,1,960,663,0.68,18,12,6,0.690625,0.010624999999999996,0.6666666666666666,0.3333333333333333
HP_fd2deb62,2026-02-09,NUIT,SS_6d550be1,OP_010,TL_003,PORTION,L_PORTION_2,2,960,692,0.68,16,11,5,0.7208333333333333,0.04083333333333328,0.6875,0.3125
HP_cb24b200,2026-02-09,NUIT,SS_6d550be1,OP_010,TL_003,PORTION,L_PORTION_2,3,960,679,0.68,17,13,4,0.7072916666666667,0.027291666666666603,0.7647058823529411,0.23529411764705882
HP_58c49c8c,2026-02-09,NUIT,SS_6d550be1,OP_010,TL_003,PORTION,L_PORTION_2,4,960,609,0.68,21,16,5,0.634375,-0.04562500000000003,0.7619047619047619,0.23809523809523808
HP_1c9dd100,2026-02-09,NUIT,SS_6d550be1,OP_010,TL_003,PORTION,L_PORTION_2,5,960,636,0.68,20,13,7,0.6625,-0.01750000000000007,0.65,0.35
HP_efb20edf,2026-02-09,NUIT,SS_6d550be1,OP_010,TL_003,PORTION,L_PORTION_2,6,960,658,0.68,18,12,6,0.6854166666666667,0.005416666666666625,0.6666666666666666,0.3333333333333333
HP_a270d22a,2026-02-09,NUIT,SS_6d550be1,OP_010,TL_003,PORTION,L_PORTION_2,7,960,628,0.68,20,17,3,0.6541666666666667,-0.025833333333333375,0.85,0.15
HP_d13d23b1,2026-02-10,MATIN,SS_5a1a472d,OP_001,TL_001,OVALE,L_OV_MS,0,1200,1200,0.6,0,0,0,1.0,0.4,0.0,0.0
HP_6afe1f56,2026-02-10,MATIN,SS_5a1a472d,OP_001,TL_001,OVALE,L_OV_MS,1,1200,775,0.6,21,16,5,0.6458333333333334,0.04583333333333339,0.7619047619047619,0.23809523809523808
HP_613a8043,2026-02-10,MATIN,SS_5a1a472d,OP_001,TL_001,OVALE,L_OV_MS,2,1200,678,0.6,26,16,10,0.565,-0.03500000000000003,0.6153846153846154,0.38461538461538464
HP_57876ded,2026-02-10,MATIN,SS_5a1a472d,OP_001,TL_001,OVALE,L_OV_MS,3,1200,739,0.6,23,20,3,0.6158333333333333,0.015833333333333366,0.8695652173913043,0.13043478260869565
HP_9465fafa,2026-02-10,MATIN,SS_5a1a472d,OP_001,TL_001,OVALE,L_OV_MS,4,1200,697,0.6,25,19,6,0.5808333333333333,-0.019166666666666665,0.76,0.24
HP_8aaeee7a,2026-02-10,MATIN,SS_5a1a472d,OP_001,TL_001,OVALE,L_OV_MS,5,1200,739,0.6,23,14,9,0.6158333333333333,0.015833333333333366,0.6086956521739131,0.391304347826087
HP_c1b037de,2026-02-10,MATIN,SS_5a1a472d,OP_001,TL_001,OVALE,L_OV_MS,6,1200,745,0.6,22,13,9,0.6208333333333333,0.02083333333333337,0.5909090909090909,0.4090909090909091
HP_fcb116c7,2026-02-10,MATIN,SS_5a1a472d,OP_001,TL_001,OVALE,L_OV_MS,7,1200,727,0.6,23,18,5,0.6058333333333333,0.005833333333333357,0.782608695652174,0.21739130434782608
HP_5f7df686,2026-02-10,SOIR,SS_ad080c7f,OP_002,TL_002,CAMEMBERT,L_CAM_B,0,1080,1080,0.57,0,0,0,1.0,0.43000000000000005,0.0,0.0
HP_f3a1750c,2026-02-10,SOIR,SS_ad080c7f,OP_002,TL_002,CAMEMBERT,L_CAM_B,1,1080,597,0.57,26,16,10,0.5527777777777778,-0.01722222222222214,0.6153846153846154,0.38461538461538464
HP_7f7ccefd,2026-02-10,SOIR,SS_ad080c7f,OP_002,TL_002,CAMEMBERT,L_CAM_B,2,1080,637,0.57,24,21,3,0.5898148148148148,0.01981481481481484,0.875,0.125
HP_5bdb522f,2026-02-10,SOIR,SS_ad080c7f,OP_002,TL_002,CAMEMBERT,L_CAM_B,3,1080,669,0.57,22,19,3,0.6194444444444445,0.04944444444444451,0.8636363636363636,0.13636363636363635
HP_49fa43d8,2026-02-10,SOIR,SS_ad080c7f,OP_002,TL_002,CAMEMBERT,L_CAM_B,4,1080,571,0.57,28,22,6,0.5287037037037037,-0.041296296296296275,0.7857142857142857,0.21428571428571427
HP_d2212d40,2026-02-10,SOIR,SS_ad080c7f,OP_002,TL_002,CAMEMBERT,L_CAM_B,5,1080,616,0.57,25,15,10,0.5703703703703704,0.0003703703703704653,0.6,0.4
HP_29671321,2026-02-10,SOIR,SS_ad080c7f,OP_002,TL_002,CAMEMBERT,L_CAM_B,6,1080,594,0.57,27,23,4,0.55,-0.019999999999999907,0.8518518518518519,0.14814814814814814
HP_702ac21d,2026-02-10,SOIR,SS_ad080c7f,OP_002,TL_002,CAMEMBERT,L_CAM_B,7,1080,598,0.57,26,21,5,0.5537037037037037,-0.016296296296296253,0.8076923076923077,0.19230769230769232
HP_4b9247e5,2026-02-10,NUIT,SS_f6598b92,OP_003,TL_003,PORTION,L_PORTION_1,0,900,900,0.66,0,0,0,1.0,0.33999999999999997,0.0,0.0
HP_760e04a8,2026-02-10,NUIT,SS_f6598b92,OP_003,TL_003,PORTION,L_PORTION_1,1,900,566,0.66,22,19,3,0.6288888888888889,-0.03111111111111109,0.8636363636363636,0.13636363636363635
HP_5727aecc,2026-02-10,NUIT,SS_f6598b92,OP_003,TL_003,PORTION,L_PORTION_1,2,900,562,0.66,22,15,7,0.6244444444444445,-0.03555555555555556,0.6818181818181818,0.3181818181818182
HP_5dd116d3,2026-02-10,NUIT,SS_f6598b92,OP_003,TL_003,PORTION,L_PORTION_1,3,900,619,0.66,18,13,5,0.6877777777777778,0.02777777777777779,0.7222222222222222,0.2777777777777778
HP_2dc936d4,2026-02-10,NUIT,SS_f6598b92,OP_003,TL_003,PORTION,L_PORTION_1,4,900,597,0.66,20,16,4,0.6633333333333333,0.0033333333333332993,0.8,0.2
HP_ab8da876,2026-02-10,NUIT,SS_f6598b92,OP_003,TL_003,PORTION,L_PORTION_1,5,900,596,0.66,20,15,5,0.6622222222222223,0.0022222222222222365,0.75,0.25
HP_8972a384,2026-02-10,NUIT,SS_f6598b92,OP_003,TL_003,PORTION,L_PORTION_1,6,900,627,0.66,18,14,4,0.6966666666666667,0.036666666666666625,0.7777777777777778,0.2222222222222222
HP_ddc123f0,2026-02-10,NUIT,SS_f6598b92,OP_003,TL_003,PORTION,L_PORTION_1,7,900,602,0.66,19,12,7,0.6688888888888889,0.008888888888888835,0.631578947368421,0.3684210526315789
